loss,mape,val_loss,val_mape
0.06318379193544388,618341.125,0.031358592212200165,257.99176025390625
0.024932440370321274,226530.296875,0.027099475264549255,199.15406799316406
0.019419170916080475,198649.0625,0.023582717403769493,222.14727783203125
0.01764860562980175,174005.59375,0.02003953419625759,196.40306091308594
0.014529567211866379,210998.046875,0.016896769404411316,171.4289093017578
0.012658150866627693,155399.671875,0.013939043506979942,149.51776123046875
