loss,mape,val_loss,val_mape
0.062815822660923,578890.8125,0.02012328989803791,224.57135009765625
0.025785285979509354,251625.359375,0.017990848049521446,138.08778381347656
0.021938977763056755,213199.140625,0.014462647028267384,179.9873504638672
0.01915021985769272,190257.3125,0.014807244762778282,201.82752990722656
0.01546897180378437,183169.03125,0.008752060122787952,104.42481231689453
0.013334865681827068,155140.25,0.009780792519450188,118.24711608886719
