loss,mape,val_loss,val_mape
0.06400203704833984,238093.203125,0.038606226444244385,220.73583984375
0.026723111048340797,84153.046875,0.019793715327978134,112.52404022216797
0.021134210750460625,79993.9921875,0.017240654677152634,78.86524200439453
0.01691010408103466,66830.2265625,0.016493966802954674,97.08657836914062
0.01526722963899374,66321.0390625,0.012732711620628834,68.63744354248047
0.012405931949615479,65937.3671875,0.010900725610554218,52.71428298950195
