loss,mape,val_loss,val_mape
0.060076016932725906,231681.984375,0.03244321048259735,256.44659423828125
0.02425043284893036,87305.484375,0.021539563313126564,162.7873077392578
0.019418902695178986,75971.5390625,0.014019520953297615,94.21827697753906
0.017099201679229736,75196.6875,0.017691433429718018,138.8518524169922
0.015590297058224678,71786.5625,0.013434607535600662,118.71317291259766
0.013851192779839039,91235.125,0.009595452807843685,86.35166931152344
