loss,mape,val_loss,val_mape
0.06246247887611389,3859108.5,0.029053715988993645,1373947.625
0.021324705332517624,1223943.125,0.020466167479753494,1155280.375
0.01785699650645256,1016669.6875,0.016950761899352074,952717.3125
0.015140451490879059,958424.75,0.01480566430836916,849905.875
0.013424335978925228,1012405.0,0.013335241004824638,866976.375
0.011040479876101017,1008779.75,0.010782860219478607,851009.125
