loss,mape,val_loss,val_mape
0.06864027678966522,4353449.5,0.030048858374357224,446.3107604980469
0.02191617712378502,1615845.375,0.017460284754633904,247.10946655273438
0.017711397260427475,1128877.375,0.015987981110811234,205.82090759277344
0.01539116632193327,997494.375,0.01308420579880476,171.8660125732422
0.012657398357987404,1015967.75,0.010835769586265087,159.92446899414062
0.012609625235199928,958624.5,0.010385270230472088,149.71673583984375
