loss,mape,val_loss,val_mape
0.05614220350980759,560304.0,0.028449079021811485,159.15892028808594
0.0168478861451149,220329.84375,0.018337804824113846,175.14988708496094
0.015530513599514961,220142.578125,0.014379695057868958,91.95389556884766
0.013238633051514626,167249.859375,0.013763860799372196,124.17193603515625
0.01121747400611639,160874.109375,0.011022972874343395,96.2990951538086
0.010660523548722267,172255.484375,0.009696649387478828,108.31816864013672
