loss,mape,val_loss,val_mape
0.05757009610533714,775130.4375,0.022923337295651436,155.9760284423828
0.020368121564388275,263752.0,0.019378963857889175,77.73169708251953
0.016331572085618973,195945.78125,0.016928475350141525,88.34684753417969
0.01495874673128128,197405.859375,0.01475133653730154,84.76009368896484
0.01320740021765232,158253.375,0.012484189122915268,81.16139221191406
0.011722788214683533,180454.234375,0.011194861494004726,98.06684112548828
