loss,mape,val_loss,val_mape
0.1756104975938797,221739.640625,0.08634910732507706,263.9286804199219
0.09503522515296936,210800.171875,0.07194902747869492,229.08151245117188
0.09779971092939377,95948.4765625,0.06464890390634537,222.2715301513672
0.0773363783955574,202846.03125,0.051389724016189575,194.07553100585938
0.06369441747665405,54678.859375,0.04276270791888237,170.8177947998047
0.05330173298716545,79883.0546875,0.03948795422911644,154.1422576904297
