loss,mape,val_loss,val_mape
0.08969305455684662,1477955.125,0.07411456108093262,795984.5
0.06210758537054062,2398833.25,0.04698188602924347,2539695.75
0.0540243536233902,2740197.75,0.052333902567625046,1247046.125
0.04944143816828728,2118568.25,0.0636923685669899,692635.5
0.04372939467430115,2123750.0,0.05360592529177666,674316.5
0.038130439817905426,1923747.75,0.04678474739193916,613832.9375
