loss,mape,val_loss,val_mape
0.15656445920467377,42611.36328125,0.12962543964385986,611.9103393554688
0.09263318032026291,83255.078125,0.11911509931087494,583.012939453125
0.07472151517868042,142524.515625,0.06836723536252975,433.99237060546875
0.06334270536899567,85536.671875,0.058744337409734726,393.5072021484375
0.05922393500804901,197519.390625,0.04508499428629875,328.31451416015625
0.04872538149356842,138633.5625,0.04207058623433113,298.3061828613281
