loss,mape,val_loss,val_mape
0.07036150991916656,1985015.25,0.051296133548021317,583.5259399414062
0.03568921983242035,931073.5,0.04062069207429886,268.8276062011719
0.029184935614466667,641968.5,0.031974803656339645,382.53472900390625
0.02779509127140045,656856.3125,0.033659111708402634,217.001220703125
0.025728248059749603,492970.0,0.03281742334365845,502.5811767578125
0.02639719471335411,623339.4375,0.027854282408952713,424.5805969238281
