loss,mape,val_loss,val_mape
0.07385675609111786,2036446.625,0.05766727030277252,698.9241943359375
0.03701603040099144,1169016.625,0.05078604072332382,362.174072265625
0.028488008305430412,725078.625,0.050323858857154846,309.5338134765625
0.027187084779143333,638083.5,0.04817001521587372,313.5977783203125
0.02520967461168766,620537.625,0.05359910428524017,180.76412963867188
0.024241626262664795,555944.75,0.055025625973939896,148.4874725341797
