loss,mape,val_loss,val_mape
0.07970918715000153,7323188.0,0.04206959158182144,2998169.25
0.04302816838026047,4030749.75,0.026545796543359756,1884887.75
0.03328463062644005,2799769.75,0.025822127237915993,1668475.75
0.03208395838737488,2536632.5,0.022820303216576576,1194369.125
0.02957143262028694,2366753.75,0.023316532373428345,890767.6875
0.030835680663585663,2321511.5,0.021327398717403412,1033221.25
