loss,mape,val_loss,val_mape
0.07788150012493134,7157687.5,0.05340643227100372,2903121.75
0.04382829740643501,4294381.5,0.03294409066438675,1553820.25
0.03543907776474953,2839523.0,0.028529616072773933,1440950.5
0.031612396240234375,2641068.5,0.031503427773714066,2002240.75
0.03167532756924629,2504018.75,0.02688165381550789,1684479.25
0.030126534402370453,2486815.75,0.024760723114013672,1536656.625
