loss,mape,val_loss,val_mape
0.07379967719316483,1377029.875,0.025410650297999382,379.8485107421875
0.03230908140540123,507296.65625,0.023722393438220024,206.5143280029297
0.030139677226543427,323047.125,0.019354354590177536,247.0680694580078
0.027456820011138916,346985.25,0.019172439351677895,274.5937194824219
0.024599803611636162,380285.375,0.016617683693766594,161.50706481933594
0.023073162883520126,352606.125,0.01561015471816063,246.8015594482422
