loss,mape,val_loss,val_mape
0.07173343747854233,1168960.625,0.036615025252103806,491.5890808105469
0.034459613263607025,614243.6875,0.028115803375840187,340.6895751953125
0.029768064618110657,397387.59375,0.027579499408602715,162.26483154296875
0.02939375303685665,348350.1875,0.02315571717917919,211.93434143066406
0.02576620504260063,310476.34375,0.022992286831140518,167.19593811035156
0.02666112221777439,393787.53125,0.01982211507856846,237.51634216308594
