loss,mape,val_loss,val_mape
0.08576849848031998,6312182.5,0.05203675851225853,601.1624145507812
0.04053535684943199,3075332.25,0.035303447395563126,384.8025207519531
0.03358977288007736,2155637.25,0.03467821329832077,218.768310546875
0.031687911599874496,1804417.25,0.02944357320666313,292.8662109375
0.027960294857621193,1652034.5,0.026587262749671936,240.0424346923828
0.027308065444231033,1730616.0,0.02496793307363987,217.82177734375
