loss,mape,val_loss,val_mape
0.08222886919975281,5511605.5,0.03821592405438423,3755131.25
0.03705287724733353,2095830.125,0.03237919136881828,1893201.125
0.03292032331228256,1746799.0,0.029794368892908096,2375248.25
0.029880395159125328,1506235.625,0.03457120060920715,998230.5625
0.030032260343432426,1304461.25,0.02446649596095085,2212873.25
0.02517366223037243,1280360.375,0.03140611574053764,3460616.0
