loss,mape,val_loss,val_mape
0.06332859396934509,809864.625,0.05195668712258339,342.5145568847656
0.036479998379945755,614652.125,0.03602926433086395,198.12728881835938
0.02666661888360977,387345.09375,0.031081121414899826,154.08897399902344
0.022821255028247833,324426.1875,0.03061312437057495,125.60773468017578
0.022835321724414825,292225.65625,0.028290972113609314,162.82485961914062
0.02265036478638649,310186.53125,0.027713363990187645,170.51173400878906
