loss,mape,val_loss,val_mape
0.06008021906018257,628376.5625,0.03743823245167732,3127145.25
0.03457987681031227,393788.53125,0.02545919455587864,1981205.375
0.025586523115634918,301119.6875,0.024640394374728203,1347675.25
0.023653704673051834,267300.03125,0.02373642474412918,1805748.875
0.02282045967876911,288547.40625,0.022361187264323235,1217498.875
0.023133475333452225,284036.90625,0.021430322900414467,1335448.25
