loss,mape,val_loss,val_mape
0.06930123269557953,193967.609375,0.04290914162993431,519.0670776367188
0.03184640035033226,118938.171875,0.030009664595127106,449.1789855957031
0.02481178753077984,59381.29296875,0.021861467510461807,338.6880798339844
0.02065799944102764,42609.859375,0.019099431112408638,300.2348327636719
0.018979966640472412,60037.953125,0.017860371619462967,234.4581756591797
0.018299441784620285,52352.265625,0.01707605831325054,205.07293701171875
