loss,mape,val_loss,val_mape
0.06786081939935684,157614.0,0.03130262345075607,504.08001708984375
0.03266946226358414,123271.5390625,0.020426612347364426,345.07720947265625
0.024058818817138672,89713.484375,0.016284223645925522,326.5589294433594
0.020486004650592804,45162.4375,0.012982693500816822,235.95445251464844
0.020376190543174744,75479.25,0.014182041399180889,271.4095153808594
0.01816999353468418,84830.3125,0.012538009323179722,164.87924194335938
