loss,mape,val_loss,val_mape
0.05509531870484352,205338.625,0.042225517332553864,194.29515075683594
0.031106220558285713,153793.90625,0.023301510140299797,133.22622680664062
0.02206072025001049,79484.7265625,0.021969400346279144,103.51628112792969
0.017615383490920067,91500.65625,0.020705917850136757,101.35652160644531
0.01979847252368927,97312.78125,0.02021254599094391,107.90049743652344
0.017482979223132133,77927.3515625,0.019784055650234222,103.28621673583984
