loss,mape,val_loss,val_mape
0.05596106871962547,217623.734375,0.04026726633310318,167.652587890625
0.03205578029155731,135706.4375,0.02225378528237343,121.53288269042969
0.019450874999165535,75315.1015625,0.020512880757451057,105.61918640136719
0.020054306834936142,64262.1015625,0.018509110435843468,78.92955017089844
0.01831963285803795,66943.8125,0.02102089673280716,112.37757873535156
0.017849329859018326,84588.4453125,0.017420565709471703,83.65763854980469
