loss,mape,val_loss,val_mape
0.1158045083284378,4169.2509765625,0.04512956738471985,285.6822814941406
0.061605799943208694,106027.8671875,0.05671949312090874,338.0090637207031
0.06022929772734642,137353.53125,0.03567124530673027,228.46823120117188
0.05449428781867027,202785.328125,0.0336887426674366,163.3694305419922
0.051479220390319824,112681.4296875,0.02847490832209587,163.30157470703125
0.046824678778648376,92092.0078125,0.023609574884176254,166.41905212402344
