loss,mape,val_loss,val_mape
0.16824692487716675,2281279.75,0.06296724081039429,13180479.0
0.08405106514692307,2690646.75,0.058599986135959625,12503428.0
0.07256870716810226,2448606.0,0.049021895974874496,9437462.0
0.07965761423110962,1979639.75,0.0832049772143364,4184774.0
0.05423073470592499,1630283.375,0.11214748024940491,1866750.375
0.057851746678352356,1224071.5,0.05804718658328056,2777384.75
