loss,mape,val_loss,val_mape
0.1093432605266571,244089.875,0.13997432589530945,104.25025177001953
0.07519175857305527,198546.359375,0.05857992172241211,460.0972595214844
0.06498255580663681,194679.453125,0.05203494057059288,417.809326171875
0.05579786002635956,106519.90625,0.06258485466241837,498.0124206542969
0.052135027945041656,243888.265625,0.04850517958402634,426.9482421875
0.04957612603902817,84254.796875,0.034109145402908325,334.3721618652344
