loss,mape,val_loss,val_mape
0.07056701928377151,1533325.25,0.04680703580379486,361.0789794921875
0.03649000823497772,715470.1875,0.04297376424074173,228.28561401367188
0.03184221312403679,522966.0,0.039468877017498016,215.4942626953125
0.03106202557682991,579609.0625,0.03533376753330231,259.6483154296875
0.027136290445923805,477129.3125,0.03478085249662399,270.1999206542969
0.024594245478510857,502810.5625,0.03298136964440346,141.42318725585938
