loss,mape,val_loss,val_mape
0.06661609560251236,1338480.0,0.04334498941898346,1553333.125
0.03682674095034599,557624.5,0.03529318794608116,1946367.25
0.03223368525505066,485381.5625,0.027942262589931488,1414481.0
0.03171982988715172,379290.46875,0.025754781439900398,1566860.875
0.027079923078417778,516290.90625,0.022984692826867104,1253316.0
0.025698574259877205,480352.25,0.019893741235136986,1025549.9375
