loss,mape,val_loss,val_mape
0.08144581317901611,3287347.5,0.04840480163693428,593.7913208007812
0.04183138906955719,1913314.25,0.037967074662446976,277.903564453125
0.031885430216789246,1249209.375,0.033228207379579544,218.59408569335938
0.030241897329688072,1065111.25,0.02772880531847477,267.45843505859375
0.02744893543422222,985135.5625,0.02583448402583599,338.8775634765625
0.025438303127884865,957866.875,0.02712949924170971,350.98162841796875
