loss,mape,val_loss,val_mape
0.08382567018270493,3068698.0,0.04315159097313881,3001735.0
0.04285087063908577,1728240.0,0.026527348905801773,1676296.75
0.03228137269616127,1154466.125,0.024588938802480698,1644724.375
0.032079558819532394,1152229.0,0.02193313278257847,1284155.125
0.027558548375964165,1024915.5,0.02316480316221714,1506540.875
0.027531856670975685,1022431.4375,0.019347485154867172,1006603.5625
