loss,mape,val_loss,val_mape
0.06892028450965881,467453.375,0.046609461307525635,262.05023193359375
0.03455021604895592,199332.0625,0.03505786508321762,151.4553680419922
0.0300066489726305,156931.84375,0.031180931255221367,133.59463500976562
0.029696397483348846,168704.15625,0.027173954993486404,156.57659912109375
0.023990048095583916,154007.765625,0.023882122710347176,174.78579711914062
0.022156650200486183,165310.3125,0.019554026424884796,131.81837463378906
