loss,mape,val_loss,val_mape
0.07149048894643784,447800.875,0.06515428423881531,266.6650085449219
0.0372806116938591,146689.03125,0.03870067372918129,265.6292724609375
0.0330301932990551,191158.265625,0.03617407754063606,215.5441131591797
0.03040616773068905,145063.703125,0.03211715817451477,222.101318359375
0.02633381076157093,136032.703125,0.030400259420275688,178.56765747070312
0.022397486492991447,126326.625,0.023556983098387718,222.44920349121094
