loss,mape,val_loss,val_mape
0.08080900460481644,1486310.5,0.05309570953249931,423.2115173339844
0.038244783878326416,633091.625,0.03505615517497063,131.20449829101562
0.029382741078734398,407220.46875,0.029902342706918716,159.24716186523438
0.027490098029375076,356312.15625,0.027737298980355263,174.45863342285156
0.024986032396554947,396317.4375,0.02678954042494297,122.41181945800781
0.025168126448988914,394935.125,0.025177910923957825,99.73321533203125
