loss,mape,val_loss,val_mape
0.07517258822917938,1312513.75,0.05279109627008438,524.7667846679688
0.03615928068757057,692726.0,0.03226626664400101,252.8799285888672
0.029585987329483032,413878.96875,0.041694603860378265,404.6199035644531
0.029665211215615273,428885.28125,0.029024159535765648,200.0531005859375
0.027320649474859238,320706.375,0.02834833413362503,183.22401428222656
0.02604682743549347,362330.125,0.028259800747036934,133.5853271484375
