loss,mape,val_loss,val_mape
0.06005246192216873,1092763.25,0.05221990868449211,85.66210174560547
0.027131179347634315,413538.625,0.024134403094649315,91.1363525390625
0.018116818740963936,404945.6875,0.02230464108288288,86.82317352294922
0.015002064406871796,344513.5,0.014658883213996887,77.33928680419922
0.011129235848784447,321059.25,0.012308456003665924,57.8916130065918
0.009027771651744843,292949.875,0.010375943966209888,59.01190185546875
