loss,mape,val_loss,val_mape
0.06016286462545395,1025091.9375,0.03242800384759903,214.12986755371094
0.023374704644083977,364550.0,0.026945605874061584,182.2835693359375
0.018745604902505875,325279.03125,0.02322334796190262,146.98670959472656
0.015520986169576645,349966.40625,0.020915647968649864,104.19244384765625
0.01342765986919403,291718.0625,0.015180560760200024,130.84561157226562
0.010884730145335197,325497.3125,0.012093626894056797,91.52545166015625
