loss,mape,val_loss,val_mape
0.06871809810400009,945909.5625,0.026688281446695328,2410428.75
0.025566620752215385,311020.5625,0.017286082729697227,1207744.0
0.019743751734495163,250112.578125,0.016749737784266472,1141594.75
0.016745632514357567,217972.890625,0.012705349363386631,1150610.375
0.012760896235704422,242463.46875,0.011363880708813667,1335966.0
0.00956339854747057,226983.65625,0.011315186507999897,1044683.9375
