loss,mape,val_loss,val_mape
0.06427005678415298,1015450.3125,0.022246720269322395,210.53207397460938
0.024681221693754196,345505.59375,0.01581287942826748,127.82196807861328
0.019219722598791122,321166.5,0.012428355403244495,122.19503021240234
0.01588793285191059,292821.65625,0.009266638197004795,106.3152084350586
0.012393837794661522,336102.28125,0.007795573677867651,122.85912322998047
0.009137607179582119,330979.84375,0.005070666316896677,86.87102508544922
