loss,mape,val_loss,val_mape
0.06268908083438873,918411.375,0.037198733538389206,205.83970642089844
0.02512110210955143,364392.28125,0.03209290653467178,128.55560302734375
0.020675770938396454,326923.5625,0.024437954649329185,147.89056396484375
0.016418442130088806,335195.8125,0.02269783988595009,112.70974731445312
0.013387585058808327,248891.40625,0.017636187374591827,125.16470336914062
0.011426323093473911,293130.78125,0.013290132395923138,97.61155700683594
