loss,mape,val_loss,val_mape
0.0688447430729866,472387.59375,0.05348093807697296,635.513916015625
0.03355032205581665,248749.25,0.029816215857863426,409.8592834472656
0.021429071202874184,226184.609375,0.02607845701277256,339.3249816894531
0.019206024706363678,224383.953125,0.02210528589785099,304.47381591796875
0.017193540930747986,202714.53125,0.020511597394943237,214.60765075683594
0.016067950055003166,233985.96875,0.01657743938267231,259.7492370605469
