loss,mape,val_loss,val_mape
0.06959502398967743,422424.34375,0.041129253804683685,623.2205810546875
0.031473588198423386,153117.140625,0.024333354085683823,259.5528259277344
0.020768558606505394,241273.1875,0.016619373112916946,339.95654296875
0.01926257275044918,223505.609375,0.016857078298926353,370.67840576171875
0.016616851091384888,215465.171875,0.01169364433735609,238.19728088378906
0.014205098152160645,172110.65625,0.014286234974861145,340.6224365234375
