loss,mape,val_loss,val_mape
0.06265469640493393,263305.0,0.02434917725622654,504.53057861328125
0.02390129305422306,69353.1171875,0.01914280652999878,352.68865966796875
0.018831180408596992,56665.65234375,0.01491338387131691,330.91387939453125
0.015618485398590565,56774.30859375,0.012101428583264351,311.5111083984375
0.013068770989775658,39839.69921875,0.008841102942824364,287.0957336425781
0.010363155044615269,52693.83203125,0.007095158565789461,214.29953002929688
