loss,mape,val_loss,val_mape
0.062284842133522034,241173.328125,0.021057844161987305,256.0727844238281
0.022932203486561775,89046.703125,0.024131160229444504,221.2021942138672
0.019606539979577065,77063.21875,0.02358834259212017,242.7685089111328
0.01619092933833599,68657.515625,0.014537004753947258,156.67381286621094
0.014006955549120903,59036.3359375,0.010995428077876568,141.8788604736328
0.010961227118968964,44521.359375,0.008682954125106335,152.4048614501953
