loss,mape,val_loss,val_mape
0.07008174806833267,721870.5,0.03744969889521599,448.7171936035156
0.02605743706226349,507102.78125,0.01651815138757229,225.31793212890625
0.019493315368890762,325767.84375,0.015536460094153881,223.62646484375
0.01586657389998436,277009.125,0.016247088089585304,245.22512817382812
0.015940552577376366,324623.125,0.014256460592150688,248.2544403076172
0.012755381874740124,292794.5625,0.013560417108237743,219.45492553710938
