loss,mape,val_loss,val_mape
0.07332941889762878,810262.4375,0.03657226637005806,702.3020629882812
0.02743794023990631,380844.59375,0.015127227641642094,308.76702880859375
0.018154818564653397,309442.53125,0.020326608791947365,442.7916259765625
0.016592757776379585,333447.40625,0.013156917877495289,209.5648651123047
0.014657087624073029,323875.84375,0.012705148197710514,197.3778839111328
0.013039348646998405,279433.75,0.010790502652525902,204.05665588378906
