loss,mape,val_loss,val_mape
0.06884610652923584,262309.15625,0.04451870173215866,342.0850524902344
0.04079326242208481,165081.078125,0.03259909152984619,224.1121063232422
0.033445682376623154,106662.1171875,0.0379919596016407,296.19989013671875
0.03294921666383743,103372.4609375,0.03330737352371216,246.46881103515625
0.030868450179696083,100113.8828125,0.027076950296759605,214.3693389892578
0.02771797962486744,87294.25,0.021466366946697235,148.3547821044922
