loss,mape,val_loss,val_mape
0.06785080581903458,227109.578125,0.05569382384419441,460.53643798828125
0.03857626020908356,118457.0390625,0.03999180346727371,258.91156005859375
0.03214390575885773,106585.1796875,0.04321414604783058,164.01803588867188
0.030069628730416298,69087.0703125,0.034377068281173706,206.29986572265625
0.02794567681849003,86323.7265625,0.03348104655742645,269.7984924316406
0.024652568623423576,65472.66015625,0.027531329542398453,227.8086395263672
