loss,mape,val_loss,val_mape
0.10234503448009491,195040.84375,0.06769099831581116,366.59112548828125
0.05878221243619919,1064151.875,0.05045715719461441,581.8025512695312
0.04940502345561981,1081263.5,0.048207394778728485,663.9397583007812
0.054945237934589386,1184400.875,0.053803056478500366,357.5459899902344
0.04706043377518654,947123.4375,0.03790454939007759,478.50372314453125
0.042684849351644516,895343.25,0.032283488661050797,436.40301513671875
