loss,mape,val_loss,val_mape
0.09466367214918137,1325438.0,0.043554238975048065,4974471.0
0.04508155211806297,3059070.0,0.03576666861772537,8334008.5
0.05350792780518532,2897337.75,0.03786096349358559,10189579.0
0.044553324580192566,3283245.5,0.033323291689157486,8520535.0
0.04538590833544731,2742395.0,0.04090829938650131,11229005.0
0.04298776015639305,2706265.0,0.03037131577730179,8704538.0
