loss,mape,val_loss,val_mape
0.13285993039608002,1346546.375,0.13725361227989197,5722337.5
0.09567291289567947,3442825.75,0.07167258858680725,3250117.75
0.0719446986913681,3726688.75,0.06481115520000458,2526193.5
0.06518690288066864,3521439.5,0.07722162455320358,1357274.875
0.06324079632759094,2849085.0,0.042783770710229874,1971873.25
0.04600779339671135,2718464.75,0.0353127047419548,1340462.0
