loss,mape,val_loss,val_mape
0.07317613065242767,7394261.0,0.04318104684352875,5482493.0
0.036007750779390335,3300638.0,0.030462265014648438,2174178.0
0.031105706468224525,2352830.0,0.027278438210487366,2886125.5
0.028756899759173393,2213336.0,0.026323361322283745,2336094.75
0.027328284457325935,2187179.25,0.03151923045516014,3726041.25
0.02571990340948105,2071599.0,0.024825837463140488,2993339.0
