loss,mape,val_loss,val_mape
0.07467787712812424,7923079.5,0.04630184546113014,2963960.0
0.03634363040328026,3277570.75,0.028686314821243286,1443954.0
0.0302887000143528,2329674.75,0.02700924314558506,1266064.375
0.030074600130319595,2232784.5,0.026299726217985153,1586340.375
0.026654798537492752,2248011.75,0.023321693763136864,1100402.875
0.02589152380824089,2153144.75,0.022370364516973495,878215.375
