loss,mape,val_loss,val_mape
0.06723180413246155,526429.5625,0.04768047109246254,578.0529174804688
0.03500685468316078,228890.5,0.027369746938347816,264.34210205078125
0.027106281369924545,136095.71875,0.027357816696166992,220.92935180664062
0.027049792930483818,178156.359375,0.026836203411221504,270.8941345214844
0.02532503567636013,165578.609375,0.0283331461250782,326.3451843261719
0.024774594232439995,116817.0625,0.02251221239566803,221.6460723876953
