loss,mape,val_loss,val_mape
0.06876557320356369,454372.90625,0.04717211052775383,533.6420288085938
0.03698702156543732,236920.0625,0.03234070539474487,307.46630859375
0.028307652100920677,147743.953125,0.03166695311665535,294.9822082519531
0.026839151978492737,153553.21875,0.03488931804895401,350.869384765625
0.026796072721481323,101446.203125,0.02743535302579403,241.8084716796875
0.02568987011909485,148180.96875,0.026547227054834366,197.6205291748047
