loss,mape,val_loss,val_mape
0.07341492176055908,1042280.5,0.032566092908382416,519.25341796875
0.030470415949821472,391928.53125,0.026978980749845505,261.86883544921875
0.027146698907017708,276664.4375,0.025959493592381477,307.2527160644531
0.024277890101075172,268010.96875,0.02552906610071659,222.52337646484375
0.023782389238476753,213654.125,0.022860638797283173,274.2331237792969
0.021581502631306648,225222.5625,0.026882005855441093,190.57623291015625
