loss,mape,val_loss,val_mape
0.07323946058750153,880122.625,0.03453771024942398,1978694.75
0.03270828351378441,281559.375,0.027387971058487892,1303073.625
0.026233594864606857,278611.96875,0.024448323994874954,855105.6875
0.024214062839746475,205570.8125,0.026869898661971092,1344285.25
0.02380279079079628,266980.90625,0.02315679006278515,674326.125
0.022130632773041725,192221.359375,0.02268349379301071,966920.875
