loss,mape,val_loss,val_mape
0.057376690208911896,1382566.375,0.024227961897850037,2145352.25
0.022730939090251923,392078.53125,0.02167055942118168,1862666.25
0.018260030075907707,399377.125,0.02175319753587246,1056102.5
0.016775796189904213,403403.03125,0.015098893083631992,1237305.125
0.013899733312427998,312212.21875,0.013799792155623436,1220875.125
0.01196263637393713,339442.34375,0.010398348793387413,1221082.25
