loss,mape,val_loss,val_mape
0.058553870767354965,1653366.125,0.0294493455439806,185.9117431640625
0.022708948701620102,562544.5,0.021504374220967293,151.8184814453125
0.018402405083179474,447084.25,0.018704943358898163,138.4868621826172
0.016651922836899757,414746.59375,0.015478422865271568,150.51866149902344
0.013461229391396046,443493.59375,0.012547790072858334,115.605712890625
0.012608214281499386,404035.8125,0.010418519377708435,121.06177520751953
