loss,mape,val_loss,val_mape
0.05895484611392021,192937.078125,0.018865009769797325,174.1175994873047
0.017830442637205124,81528.1328125,0.014941448345780373,114.44014739990234
0.01463424414396286,57814.47265625,0.013022657483816147,127.32971954345703
0.013762498274445534,38147.0546875,0.011231541633605957,105.52237701416016
0.011622345075011253,40950.1484375,0.009776610881090164,118.11506652832031
0.009882096201181412,45524.5234375,0.013858412392437458,146.2691192626953
