loss,mape,val_loss,val_mape
0.0603746697306633,251633.25,0.019820937886834145,148.94508361816406
0.01755881868302822,78538.9921875,0.017782624810934067,104.64189147949219
0.01432828139513731,63219.8046875,0.014188739471137524,106.39881134033203
0.012891095131635666,58726.10546875,0.014335162937641144,104.38292694091797
0.010997184552252293,35464.50390625,0.010743357241153717,75.93270111083984
0.010219509713351727,49551.8359375,0.009982725605368614,71.8792724609375
