loss,mape,val_loss,val_mape
0.07714416086673737,2018862.875,0.045198094099760056,5207986.5
0.028770698234438896,1112715.625,0.024110522121191025,1496532.375
0.01692337542772293,597760.375,0.01658816821873188,2043322.625
0.015784967690706253,467795.53125,0.014655414037406445,1914522.25
0.013655506074428558,516902.8125,0.013012542389333248,1985219.125
0.012481345795094967,443734.25,0.011468017473816872,1955464.75
