loss,mape,val_loss,val_mape
0.07814078032970428,2470832.25,0.037612564861774445,556.34814453125
0.03153818100690842,1217567.875,0.014659859240055084,300.5877685546875
0.019342051818966866,786825.875,0.01213841699063778,218.4843292236328
0.016479352489113808,612162.4375,0.011065119877457619,171.65882873535156
0.014769221656024456,567306.625,0.00925223808735609,193.04248046875
0.012575346045196056,513909.5625,0.007987435907125473,198.81686401367188
