loss,mape,val_loss,val_mape
0.07463318854570389,209851.578125,0.030918005853891373,521.98095703125
0.03450300171971321,128644.2109375,0.015296710655093193,314.6907043457031
0.023162877187132835,105694.7421875,0.013302118517458439,213.70220947265625
0.018713464960455894,63378.2109375,0.013287764973938465,251.8539581298828
0.017635978758335114,51524.51953125,0.011212330311536789,252.18991088867188
0.015583324246108532,30382.583984375,0.011212032288312912,272.2884826660156
