loss,mape,val_loss,val_mape
0.07438574731349945,174131.15625,0.03951488807797432,362.0147705078125
0.034929413348436356,134783.859375,0.02214721217751503,285.6742858886719
0.023132899776101112,75348.921875,0.014691508375108242,115.70526123046875
0.02067568339407444,36245.34765625,0.01420272421091795,104.09237670898438
0.017624665051698685,67656.9140625,0.01029058638960123,124.7292709350586
0.015377646312117577,60174.96875,0.008692029863595963,139.76556396484375
