loss,mape,val_loss,val_mape
0.06809575110673904,455399.03125,0.03801720589399338,319.8057556152344
0.027185752987861633,218857.015625,0.027858786284923553,123.33564758300781
0.020984284579753876,129446.953125,0.025706879794597626,218.5933380126953
0.01902315765619278,127986.2578125,0.021171532571315765,150.75672912597656
0.016493942588567734,99448.0859375,0.017819128930568695,135.2099151611328
0.014443871565163136,124586.125,0.016195135191082954,95.25958251953125
