loss,mape,val_loss,val_mape
0.06671597063541412,429143.84375,0.026358019560575485,336.23553466796875
0.02504792809486389,196632.046875,0.01441853679716587,169.66650390625
0.02047063037753105,123944.2421875,0.015857558697462082,187.6945037841797
0.01786990836262703,124615.8359375,0.009611929766833782,132.14559936523438
0.01476375199854374,119987.296875,0.008498934097588062,100.86112213134766
0.013421589508652687,122197.8671875,0.007709651719778776,129.61700439453125
