loss,mape,val_loss,val_mape
0.08440157771110535,77267160.0,0.035614509135484695,37434656.0
0.03825721517205238,40259308.0,0.01830187812447548,26812358.0
0.025223596021533012,27913116.0,0.012234671041369438,18880876.0
0.02290029637515545,22590162.0,0.01405895221978426,19437058.0
0.021272234618663788,21462616.0,0.014869622886180878,20012414.0
0.020903075113892555,21358252.0,0.010924783535301685,17049674.0
