loss,mape,val_loss,val_mape
0.08947896957397461,79452864.0,0.04987248033285141,53298472.0
0.03685516119003296,39174876.0,0.034080613404512405,38846900.0
0.02586028352379799,28745166.0,0.029524359852075577,37504140.0
0.021117154508829117,22158936.0,0.025883665308356285,27088902.0
0.021362345665693283,20474928.0,0.026641953736543655,20360474.0
0.019937759265303612,19807362.0,0.02569226548075676,19912652.0
