loss,mape,val_loss,val_mape
0.09614621847867966,3690829.25,0.06006506830453873,842843.1875
0.051805704832077026,7833535.5,0.04626304656267166,3256934.25
0.052968449890613556,8432846.0,0.03444530442357063,2350042.25
0.04913189262151718,7285907.0,0.05230002850294113,845056.5
0.04380831494927406,6709612.0,0.04086409881711006,2984657.0
0.04279410094022751,6465118.5,0.03439915180206299,988110.1875
