loss,mape,val_loss,val_mape
0.06869958341121674,166427.8125,0.04536154121160507,125.10973358154297
0.038589995354413986,116522.46875,0.023445524275302887,322.3832092285156
0.03269064426422119,108112.6953125,0.021982142701745033,314.0633850097656
0.033350251615047455,28729.728515625,0.02869829535484314,177.16146850585938
0.0338018462061882,77463.9921875,0.03975040093064308,555.3259887695312
0.03625933453440666,124895.7734375,0.021648328751325607,197.21131896972656
