loss,mape,val_loss,val_mape
0.08779457956552505,1766940.5,0.03569827601313591,3080749.25
0.03772277757525444,2966808.5,0.03326641395688057,4070910.75
0.0385303869843483,2870715.5,0.04014057666063309,1917985.625
0.041944053024053574,2587724.25,0.02836163155734539,3645569.5
0.0365900844335556,2400769.5,0.03469220921397209,1722963.75
0.026901431381702423,2277280.0,0.05411054193973541,468068.9375
