loss,mape,val_loss,val_mape
0.08808785676956177,101712.1875,0.027144955471158028,188.9399871826172
0.05449758842587471,422457.125,0.029653940349817276,158.8395233154297
0.04670008644461632,202642.390625,0.023766648024320602,173.03611755371094
0.046624619513750076,323144.4375,0.049222856760025024,92.48806762695312
0.04065016657114029,242336.796875,0.01883457973599434,210.56674194335938
0.04159070551395416,247300.046875,0.01415756531059742,150.1837615966797
