loss,mape,val_loss,val_mape
0.06772630661725998,2934077.0,0.02309248223900795,4754489.5
0.03177647292613983,1576056.875,0.03417471796274185,2585894.75
0.024819394573569298,1292681.5,0.021359004080295563,2523380.0
0.018951019272208214,1162020.125,0.03052658773958683,2140370.0
0.019301794469356537,1022781.3125,0.010674109682440758,2079822.25
0.01438025664538145,947934.5,0.015074093826115131,2483189.5
