loss,mape,val_loss,val_mape
0.06703583151102066,35492396.0,0.02563563920557499,9716972.0
0.03237605839967728,18770434.0,0.01577584631741047,9004760.0
0.027752012014389038,15546181.0,0.01605166122317314,9603990.0
0.022865908220410347,14343968.0,0.021437006071209908,10230998.0
0.020113615319132805,14159104.0,0.024323487654328346,9692241.0
0.02037329412996769,13697363.0,0.01861126907169819,8981665.0
