loss,mape,val_loss,val_mape
0.06252148002386093,699797.4375,0.0285741426050663,127.96647644042969
0.02096616104245186,311499.0625,0.016740920022130013,86.34388732910156
0.017371483147144318,249796.921875,0.020878154784440994,76.54360961914062
0.01753123663365841,273664.9375,0.017217447981238365,72.11540222167969
0.013416224159300327,216629.09375,0.01663498766720295,70.50376892089844
0.015906404703855515,182089.078125,0.013562330044806004,70.77334594726562
