loss,mape,val_loss,val_mape
0.0542798787355423,459493.71875,0.0322955958545208,208.881591796875
0.031050395220518112,211229.453125,0.03026868775486946,180.927978515625
0.02846084162592888,182358.5,0.030183738097548485,255.10813903808594
0.025923030450940132,174751.359375,0.026634154841303825,178.33969116210938
0.024491513147950172,153500.84375,0.024174124002456665,226.85299682617188
0.02205895259976387,173969.234375,0.020925695076584816,131.29974365234375
