loss,mape,val_loss,val_mape
0.056956011801958084,467145.3125,0.042439915239810944,257.1689453125
0.030642015859484673,292518.8125,0.030982697382569313,174.7641143798828
0.02845011278986931,222236.90625,0.023287925869226456,107.24507141113281
0.024728285148739815,171382.375,0.026690291240811348,154.806884765625
0.02411986142396927,160782.71875,0.022721359506249428,157.03231811523438
0.0213770791888237,137418.984375,0.017559491097927094,141.73519897460938
