loss,mape,val_loss,val_mape
0.07575707882642746,949461.0625,0.04204275459051132,523.41357421875
0.038715772330760956,424251.78125,0.02266361005604267,293.7225341796875
0.032119665294885635,278337.21875,0.021430015563964844,258.6586608886719
0.029631059616804123,243515.3125,0.01976187899708748,234.71578979492188
0.02672860585153103,269968.125,0.01785205863416195,209.4398956298828
0.02664411999285221,217977.078125,0.016684208065271378,215.6689910888672
