loss,mape,val_loss,val_mape
0.07404410094022751,972140.0,0.04577353969216347,334.5736389160156
0.039755482226610184,535670.875,0.03173853084445,107.36200714111328
0.03261004015803337,362223.65625,0.02504006028175354,186.03001403808594
0.02999917045235634,288327.15625,0.023299532011151314,147.16015625
0.027554398402571678,305879.5,0.02843700721859932,249.37350463867188
0.027573339641094208,252643.71875,0.02022640034556389,110.31744384765625
