loss,mape,val_loss,val_mape
0.05522811785340309,795582.125,0.04285367578268051,206.60276794433594
0.03190282732248306,467868.75,0.0400378555059433,147.23190307617188
0.027710486203432083,349239.46875,0.04036928340792656,153.69737243652344
0.026082564145326614,396605.78125,0.03509305417537689,131.97837829589844
0.02576528675854206,291527.53125,0.03266086056828499,116.59439849853516
0.02187049575150013,279613.21875,0.028307020664215088,104.37235260009766
