loss,mape,val_loss,val_mape
0.055636778473854065,1007692.9375,0.0344633050262928,134.78688049316406
0.032143231481313705,459276.78125,0.02348407171666622,103.34262084960938
0.029309820383787155,419884.71875,0.023171165958046913,127.08442687988281
0.027329860255122185,398041.34375,0.023793024942278862,86.07215118408203
0.0260947085916996,359712.09375,0.01944420486688614,74.19786834716797
0.023083554580807686,312864.40625,0.016868624836206436,76.76547241210938
