loss,mape,val_loss,val_mape
0.07402647286653519,204.2545623779297,0.05615915730595589,2628920.25
0.039278846234083176,115.59602355957031,0.03375621512532234,2291257.25
0.027912499383091927,79.1961669921875,0.03345071151852608,2577887.75
0.024874605238437653,73.13623809814453,0.03378996625542641,2656667.0
0.026435665786266327,74.62583923339844,0.030042346566915512,2255798.25
0.022709358483552933,66.98602294921875,0.029289351776242256,2338195.5
