loss,mape,val_loss,val_mape
0.07267308235168457,153098.828125,0.03958456590771675,107.59420776367188
0.03834298253059387,135856.703125,0.020984111353754997,83.12150573730469
0.030048226937651634,122622.8671875,0.01936996728181839,73.54724884033203
0.0254780575633049,105869.125,0.018458019942045212,48.571380615234375
0.02522021159529686,94704.3671875,0.017313605174422264,48.073543548583984
0.02482147514820099,115993.5546875,0.016854265704751015,52.40181350708008
