loss,mape,val_loss,val_mape
0.0642315223813057,254595.5625,0.04101229086518288,273.5141296386719
0.03527845814824104,100040.375,0.030272245407104492,174.2676239013672
0.029539618641138077,80364.9921875,0.029186991974711418,137.7710418701172
0.025821268558502197,76797.1640625,0.028249314054846764,169.9571075439453
0.025387154892086983,88722.421875,0.03154817968606949,76.87966918945312
0.02233315259218216,69971.484375,0.023838981986045837,155.9337158203125
