loss,mape,val_loss,val_mape
0.07256536930799484,3531681.5,0.04522630572319031,2364738.5
0.03862316161394119,1560637.25,0.03589137643575668,1410006.75
0.03428317606449127,1112746.875,0.03275418281555176,1449013.25
0.03239021822810173,1134092.125,0.02964729443192482,1322022.125
0.02951882779598236,925408.8125,0.02599441632628441,1199576.75
0.02545548416674137,976847.125,0.02380666323006153,1209898.75
