loss,mape,val_loss,val_mape
0.06340660899877548,251426.703125,0.040578361600637436,231.97528076171875
0.033635493367910385,199440.078125,0.026231518015265465,108.19396209716797
0.026462815701961517,83742.5234375,0.022681863978505135,107.08948516845703
0.02535749226808548,89232.2421875,0.02160203829407692,111.81299591064453
0.02669229730963707,80354.859375,0.020137423649430275,94.06839752197266
0.02240300364792347,63333.140625,0.02044188231229782,123.84883880615234
