loss,mape,val_loss,val_mape
0.07284989953041077,242551.328125,0.03693521022796631,108.556640625
0.033986154943704605,118171.875,0.019075831398367882,74.62307739257812
0.02124488726258278,84272.328125,0.017041441053152084,66.38653564453125
0.01627502031624317,75396.4921875,0.013936912640929222,57.06141662597656
0.01839091256260872,71037.171875,0.012288669124245644,53.4734001159668
0.013235886581242085,71542.7265625,0.008977892808616161,47.124515533447266
