loss,mape,val_loss,val_mape
0.051658742129802704,2232044.0,0.05079864338040352,3498388.5
0.034771669656038284,1273092.25,0.016481654718518257,3521746.75
0.016267677769064903,782312.875,0.014122250489890575,2329476.5
0.02505243569612503,946039.5,0.011990973725914955,2570096.5
0.019647441804409027,682790.875,0.015153209678828716,2852573.75
0.014821535907685757,735530.0,0.010782631114125252,2374989.5
