loss,mape,val_loss,val_mape
0.06319493055343628,23030822.0,0.018738213926553726,10271015.0
0.02152950130403042,10655415.0,0.021620893850922585,8429299.0
0.02106773480772972,9407178.0,0.013084483332931995,7456688.0
0.01868482306599617,8630261.0,0.017014270648360252,7425619.5
0.018226835876703262,8659887.0,0.01062032300978899,6381212.0
0.019591104239225388,8181110.0,0.01054883562028408,6732951.0
