loss,mape,val_loss,val_mape
0.07414712011814117,10506224.0,0.03514815866947174,4652256.5
0.028152791783213615,3811053.5,0.024615103378891945,2668643.75
0.022215960547327995,3073738.75,0.020277362316846848,2076356.125
0.019196439534425735,2882987.25,0.01685892418026924,2034973.25
0.01550186239182949,2668022.75,0.013916906900703907,2052598.625
0.013476138934493065,2505501.0,0.01360574085265398,1244317.5
