loss,mape,val_loss,val_mape
0.07430612295866013,9688400.0,0.04274357855319977,9788642.0
0.028839170932769775,3757194.25,0.031414132565259933,5335075.0
0.023094894364476204,2820817.5,0.026726309210062027,6242282.5
0.020603438839316368,2563066.25,0.023232778534293175,6045445.0
0.016276709735393524,2471723.75,0.019489377737045288,5183186.0
0.01562397088855505,2414786.5,0.01632373221218586,4957904.0
