loss,mape,val_loss,val_mape
0.07213824987411499,1655832.75,0.04609131067991257,2732683.5
0.03071422502398491,876754.4375,0.028401022776961327,1623188.75
0.02307303249835968,655032.3125,0.024772603064775467,1141127.75
0.018707871437072754,407898.0,0.021368766203522682,1070670.125
0.017752032727003098,448684.5625,0.01883956789970398,1044842.0
0.015023985877633095,438810.375,0.01828615553677082,864808.0625
