loss,mape,val_loss,val_mape
0.07235132902860641,2001472.875,0.04713025316596031,246.42840576171875
0.034110814332962036,1201951.5,0.026486853137612343,178.33680725097656
0.02352922223508358,622254.4375,0.01931966282427311,123.24264526367188
0.019160866737365723,638630.6875,0.01629863679409027,90.05415344238281
0.017623860388994217,568726.1875,0.01499562244862318,70.81836700439453
0.014838473871350288,517492.40625,0.013004668988287449,58.853294372558594
