loss,mape,val_loss,val_mape
0.0697309672832489,3979191.75,0.01956108585000038,356.7869873046875
0.022809015586972237,1256932.0,0.016605500131845474,245.8972625732422
0.017511609941720963,1033941.625,0.017806828022003174,184.36004638671875
0.015450055710971355,1084978.0,0.020257780328392982,186.15530395507812
0.013123702257871628,1045641.6875,0.010265049524605274,174.15380859375
0.011439027264714241,976033.0,0.009578939527273178,167.21279907226562
