loss,mape,val_loss,val_mape
0.07160904258489609,3726107.25,0.030562331900000572,575.0782470703125
0.024327870458364487,1328831.125,0.02750873751938343,236.7165069580078
0.021032672375440598,1143688.75,0.020474184304475784,334.3914794921875
0.01774255745112896,1096561.25,0.021536095067858696,394.4844970703125
0.01488819532096386,1007494.0625,0.014614326879382133,248.27809143066406
0.013009465299546719,994314.0625,0.01289837434887886,230.64292907714844
