loss,mape,val_loss,val_mape
0.06642649322748184,1720235.0,0.02732333354651928,302.6645812988281
0.02243052050471306,759103.0,0.016914410516619682,153.58335876464844
0.015529395081102848,447965.9375,0.014138862490653992,91.5674819946289
0.015780454501509666,393876.75,0.012265568599104881,129.213134765625
0.013123923912644386,394851.78125,0.010938195511698723,111.9361572265625
0.013380486518144608,446152.96875,0.011413215659558773,106.7137680053711
