loss,mape,val_loss,val_mape
0.06549076735973358,1456472.625,0.03718840330839157,3124467.75
0.025739101693034172,710918.0625,0.014509412460029125,1197092.25
0.01646234653890133,466080.15625,0.016699163243174553,1226796.625
0.015639349818229675,400493.5625,0.011391988955438137,650995.0625
0.013552057556807995,321684.0,0.01467880792915821,1374993.125
0.013307837769389153,397635.9375,0.01120484434068203,846492.125
