loss,mape,val_loss,val_mape
0.1396680325269699,656420.0625,0.07788820564746857,793.6012573242188
0.07668577134609222,712660.625,0.08631085604429245,868.251220703125
0.072325199842453,717952.1875,0.07922403514385223,828.175048828125
0.06246725097298622,907753.6875,0.0804266482591629,828.80029296875
0.060418784618377686,670257.6875,0.04972764104604721,623.31982421875
0.05190535634756088,741356.25,0.04816417023539543,604.1118774414062
