loss,mape,val_loss,val_mape
0.10105004906654358,223335.046875,0.09267354011535645,108.85970306396484
0.04961699992418289,330183.09375,0.08344527333974838,113.1970443725586
0.051852740347385406,282662.65625,0.058962468057870865,145.44761657714844
0.048280611634254456,231342.046875,0.04041527584195137,231.60833740234375
0.04249901324510574,258442.125,0.034944046288728714,178.56504821777344
0.038971371948719025,209777.015625,0.030742734670639038,203.4217529296875
