loss,mape,val_loss,val_mape
0.14247559010982513,196833.046875,0.05952615663409233,3849341.25
0.07330615073442459,182160.34375,0.05601662024855614,4432988.5
0.07404609024524689,340235.15625,0.051469895988702774,4266940.0
0.06729032844305038,124431.640625,0.043544702231884,3796770.75
0.059925440698862076,96356.78125,0.03794440999627113,3559072.75
0.05270743370056152,148414.4375,0.03003372810781002,2996907.75
