loss,mape,val_loss,val_mape
0.10842838883399963,186540.4375,0.047251757234334946,199.3842010498047
0.05961517244577408,151210.78125,0.042855191975831985,184.41111755371094
0.05488070100545883,144892.71875,0.0633573830127716,316.93701171875
0.06630715727806091,50302.32421875,0.031086817383766174,155.51492309570312
0.042046524584293365,119762.8828125,0.06835503876209259,80.11597442626953
0.04544369503855705,146073.15625,0.02601000852882862,96.18904876708984
