loss,mape,val_loss,val_mape
0.05160760506987572,150390.59375,0.031118690967559814,326.2734680175781
0.026045406237244606,87621.6875,0.010587925091385841,192.5272979736328
0.016801822930574417,88541.203125,0.010912373661994934,166.4807586669922
0.015827985480427742,96859.8203125,0.009143969975411892,144.16624450683594
0.01465091947466135,71253.671875,0.011066468432545662,139.32598876953125
0.011784009635448456,57092.5546875,0.007940338924527168,141.66519165039062
