loss,mape,val_loss,val_mape
0.06382128596305847,2879956.75,0.042722828686237335,320.61395263671875
0.027251850813627243,1530695.25,0.04091094434261322,247.08563232421875
0.024525700137019157,1339553.125,0.02149258181452751,185.7327880859375
0.015193239785730839,1215440.0,0.01018111314624548,117.11697387695312
0.021999841555953026,1169189.75,0.014459746889770031,131.0853271484375
0.01664404757320881,1043847.0,0.013448829762637615,120.8198013305664
