loss,mape,val_loss,val_mape
0.059066738933324814,230.0872039794922,0.028259655460715294,2471050.25
0.034599799662828445,154.86709594726562,0.015622278675436974,1642361.0
0.02453628182411194,115.87480163574219,0.014313917607069016,1373929.375
0.017332065850496292,95.35200500488281,0.009564700536429882,1169067.625
0.01638578437268734,89.68222045898438,0.009577689692378044,1139778.125
0.016701485961675644,85.8443832397461,0.008945941925048828,1125078.125
