loss,mape,val_loss,val_mape
0.05397742614150047,1459361.125,0.048397697508335114,1563448.375
0.024769317358732224,764889.1875,0.015398003160953522,1220848.625
0.020288405939936638,499325.59375,0.014587216079235077,1209756.25
0.014558793976902962,628722.5625,0.010166279040277004,1049646.625
0.014322272501885891,506835.125,0.008751058019697666,1026277.9375
0.009580030106008053,526741.125,0.009794783778488636,991161.875
