loss,mape,val_loss,val_mape
0.05337086692452431,73151.015625,0.021295707672834396,276.9252014160156
0.022644568234682083,84370.03125,0.009740611538290977,264.5998840332031
0.01450926810503006,92788.4296875,0.00589942978695035,194.77987670898438
0.01329392846673727,87721.1796875,0.005163638386875391,177.12591552734375
0.010798930190503597,61947.265625,0.008307267911732197,133.10801696777344
0.009835607372224331,46993.0546875,0.018576262518763542,145.6183624267578
