loss,mape,val_loss,val_mape
0.06349233537912369,295737.0625,0.021341679617762566,341.62176513671875
0.027149703353643417,136962.359375,0.021008944138884544,307.4146423339844
0.02407509833574295,191156.71875,0.013236167840659618,241.24249267578125
0.01864815130829811,108533.4453125,0.014041684567928314,243.92037963867188
0.016329770907759666,169764.171875,0.012970794923603535,202.45724487304688
0.015582550317049026,105757.5625,0.012864569202065468,218.5672607421875
