loss,mape,val_loss,val_mape
0.04900701716542244,44856464.0,0.02123851142823696,35238116.0
0.028610263019800186,27727074.0,0.017730066552758217,21197338.0
0.022978661581873894,22510060.0,0.015147839672863483,23131006.0
0.021452322602272034,19867512.0,0.013251051306724548,20781470.0
0.018907301127910614,19421818.0,0.014332289807498455,17923020.0
0.01906970888376236,17150808.0,0.019472990185022354,13831515.0
