loss,mape,val_loss,val_mape
0.0983787551522255,132631936.0,0.029528973624110222,42966504.0
0.02746175415813923,42596592.0,0.02584145776927471,50883760.0
0.024739786982536316,43239248.0,0.0238946545869112,55440876.0
0.02318713255226612,44028028.0,0.021494479849934578,37364804.0
0.021790333092212677,39843872.0,0.01983904093503952,45969012.0
0.02124234475195408,38989728.0,0.018662763759493828,35522452.0
