loss,mape,val_loss,val_mape
0.06875674426555634,514685.1875,0.05158397555351257,352.60760498046875
0.03694653511047363,344266.75,0.024424634873867035,164.57235717773438
0.028560837730765343,167450.015625,0.02356361597776413,138.3923797607422
0.02747931145131588,192656.84375,0.021262193098664284,156.57601928710938
0.02430814877152443,144421.140625,0.01894707791507244,123.89920806884766
0.02529912255704403,153632.1875,0.016572246327996254,116.02445220947266
