loss,mape,val_loss,val_mape
0.07140824943780899,960913.3125,0.047904349863529205,424.0938415527344
0.031603045761585236,487018.90625,0.026486340910196304,221.6492919921875
0.026608366519212723,292167.65625,0.02302168682217598,162.3800506591797
0.02378145232796669,237797.0,0.024390164762735367,214.14222717285156
0.024423472583293915,250834.578125,0.02117864415049553,178.2613067626953
0.02231922373175621,204175.6875,0.01963081583380699,154.81533813476562
