loss,mape,val_loss,val_mape
0.05649153143167496,467501.875,0.033921413123607635,74.22527313232422
0.02678764797747135,212682.625,0.022071942687034607,71.59730529785156
0.023334508761763573,184647.203125,0.01928519830107689,51.534400939941406
0.022726766765117645,169641.640625,0.018562128767371178,57.21072006225586
0.020835641771554947,167848.75,0.016197126358747482,56.74372100830078
0.01946459338068962,177517.234375,0.01822539046406746,74.9739990234375
