loss,mape,val_loss,val_mape
0.08365832269191742,15224495.0,0.041102923452854156,12589373.0
0.034131456166505814,7292867.0,0.02232847362756729,5165899.0
0.023841092362999916,4527211.5,0.019248293712735176,4618426.5
0.02188217267394066,4215100.0,0.01678771711885929,5633718.5
0.018813781440258026,4043693.5,0.01494157686829567,4691592.0
0.01603388600051403,3914848.25,0.014813629910349846,3478561.5
