loss,mape,val_loss,val_mape
0.08259730786085129,16547569.0,0.04352773353457451,955.6228637695312
0.036385126411914825,8088636.5,0.020643165335059166,542.50244140625
0.02523106522858143,5303215.5,0.019061973318457603,528.7070922851562
0.022203821688890457,4605867.5,0.01476064883172512,368.6433410644531
0.019621137529611588,4060763.75,0.013853023760020733,253.0688934326172
0.01818780042231083,4039608.75,0.0127089349552989,460.8526916503906
