loss,mape,val_loss,val_mape
0.06911027431488037,252629.171875,0.05569177493453026,414.7491149902344
0.033036693930625916,93296.03125,0.031756073236465454,329.88470458984375
0.02358056791126728,106312.5390625,0.022547561675310135,285.5406188964844
0.018282731994986534,68206.359375,0.021887917071580887,196.6967010498047
0.018235864117741585,97819.34375,0.019162636250257492,243.14511108398438
0.01720164343714714,70169.9609375,0.018065009266138077,221.07467651367188
