loss,mape,val_loss,val_mape
0.07000382989645004,251833.171875,0.04713206738233566,812.4112548828125
0.034831453114748,108017.0546875,0.028605574741959572,575.0757446289062
0.022599002346396446,104850.9453125,0.020820779725909233,376.8006591796875
0.01753782294690609,63464.83203125,0.019071416929364204,333.65423583984375
0.01777435839176178,52270.26953125,0.019683271646499634,193.01873779296875
0.015373029746115208,68446.265625,0.016045084223151207,286.37066650390625
