loss,mape,val_loss,val_mape
0.0848257765173912,6289456.5,0.045396700501441956,4943365.0
0.0342702753841877,3167488.25,0.023447619751095772,2258371.0
0.01972271502017975,1651425.5,0.019977640360593796,1360873.375
0.017255749553442,1477539.375,0.02141883783042431,970877.9375
0.017222682014107704,1184379.0,0.015980402007699013,1519739.875
0.014777613803744316,1263095.75,0.0170002281665802,2150774.25
