loss,mape,val_loss,val_mape
0.08520463854074478,6857550.0,0.04778005927801132,2728222.0
0.03844056650996208,3492125.0,0.02542739361524582,1489988.25
0.021084656938910484,2174814.75,0.020391518250107765,947763.375
0.017514772713184357,1408498.375,0.021954014897346497,1212738.375
0.015956303104758263,1436630.25,0.019466036930680275,718811.9375
0.015359694138169289,1420785.875,0.017353136092424393,813116.375
