loss,mape,val_loss,val_mape
0.07223590463399887,599944.875,0.04246604070067406,384.0409240722656
0.03325236961245537,342512.0,0.015740131959319115,135.50823974609375
0.021457744762301445,168411.390625,0.014998884871602058,109.46939086914062
0.018363773822784424,156126.140625,0.018461160361766815,149.9461669921875
0.016827639192342758,128071.1875,0.015659458935260773,130.47239685058594
0.01783178560435772,118387.453125,0.015193944796919823,120.17326354980469
