loss,mape,val_loss,val_mape
0.06897521764039993,607095.25,0.03902275115251541,319.8218688964844
0.029990416020154953,334671.6875,0.02660995163023472,258.58258056640625
0.020819950848817825,196128.75,0.01723184995353222,180.86741638183594
0.01978115923702717,208750.53125,0.01567201502621174,161.2443389892578
0.01750941015779972,170143.4375,0.01728312112390995,93.25361633300781
0.017120182514190674,166150.625,0.013613859191536903,132.95306396484375
