loss,mape,val_loss,val_mape
0.08018464595079422,4144787.75,0.04678957909345627,5655040.5
0.04102475941181183,2528240.5,0.03339376673102379,4970155.5
0.030076684430241585,1736795.375,0.03142457827925682,4308425.0
0.02879234030842781,1617083.375,0.026505595073103905,2122324.0
0.026466118171811104,1274399.5,0.027558540925383568,3792501.5
0.026052670553326607,1360602.625,0.0216389037668705,2551018.25
