loss,mape,val_loss,val_mape
0.06968171149492264,2769166.75,0.05369645729660988,605.3895874023438
0.04061486944556236,1768814.75,0.03796074539422989,428.2257995605469
0.030703671276569366,1107133.875,0.0319029875099659,304.76849365234375
0.030328284949064255,964575.3125,0.03885577619075775,402.9367980957031
0.03002963960170746,963387.0625,0.029013318940997124,292.6559753417969
0.026433153077960014,924796.3125,0.03313400596380234,348.7499084472656
