loss,mape,val_loss,val_mape
0.0773322656750679,875911.25,0.042794302105903625,444.88946533203125
0.03383278474211693,482971.78125,0.023036520928144455,149.4935302734375
0.025906816124916077,192687.90625,0.023356884717941284,119.6027603149414
0.02523098886013031,219900.46875,0.02408420853316784,211.34188842773438
0.024172725155949593,223207.203125,0.019899537786841393,173.3769989013672
0.02257929928600788,180223.15625,0.018470387905836105,118.08818054199219
