loss,mape,val_loss,val_mape
0.0668201670050621,2037562.75,0.04843881353735924,154.27125549316406
0.036061204969882965,1075503.125,0.03686697781085968,204.34864807128906
0.032356102019548416,872161.25,0.03798806667327881,245.7652130126953
0.03037586249411106,796357.9375,0.03461337089538574,101.24324035644531
0.0283373836427927,699094.875,0.03730842471122742,91.68904113769531
0.026881279423832893,672774.5,0.027062788605690002,161.1528778076172
