loss,mape,val_loss,val_mape
0.0669134259223938,215088.1875,0.06284577399492264,166.2875518798828
0.038520991802215576,92113.59375,0.048126962035894394,165.8025665283203
0.03361322730779648,113433.9609375,0.04428575932979584,156.52178955078125
0.030349571257829666,80445.5703125,0.04546821862459183,222.48118591308594
0.02808675915002823,75293.640625,0.03630350902676582,129.77017211914062
0.025902660563588142,108153.8984375,0.031322456896305084,119.90245819091797
