loss,mape,val_loss,val_mape
0.06594064086675644,113635.1328125,0.04821412265300751,228.1893310546875
0.03751605376601219,123185.0,0.046890467405319214,134.41798400878906
0.03370526432991028,76986.921875,0.045062124729156494,188.01832580566406
0.02973729930818081,84329.4765625,0.04381423443555832,89.21416473388672
0.02750757522881031,88006.09375,0.045944370329380035,163.60833740234375
0.025053562596440315,122581.3359375,0.04254026338458061,172.66976928710938
