loss,mape,val_loss,val_mape
0.06699390709400177,666963.0,0.04682064428925514,262.6336975097656
0.03851639851927757,377666.40625,0.030278172343969345,147.17799377441406
0.029412757605314255,234971.28125,0.02788328006863594,173.8122100830078
0.026697995141148567,221514.328125,0.026642723008990288,94.57191467285156
0.02598734200000763,199978.59375,0.02289317548274994,116.67581939697266
0.02367374859750271,228417.515625,0.026599792763590813,180.35289001464844
