loss,mape,val_loss,val_mape
0.0679713562130928,490305.40625,0.05042082816362381,3606998.75
0.03678363934159279,216746.609375,0.01970807835459709,1495697.75
0.027664050459861755,172608.140625,0.017872316762804985,1143647.875
0.026223769411444664,171714.6875,0.015746574848890305,1090410.875
0.024998759850859642,154751.90625,0.01494576595723629,1125561.0
0.023277388885617256,169754.203125,0.016498224809765816,1448366.875
