loss,mape,val_loss,val_mape
0.06048543378710747,487771.0,0.039127618074417114,360.515380859375
0.03200521692633629,306983.09375,0.02236533910036087,139.0600128173828
0.02405981905758381,134231.90625,0.023300617933273315,104.79348754882812
0.022700488567352295,160665.90625,0.024115948006510735,99.98633575439453
0.023277051746845245,149897.578125,0.019969958811998367,125.88278198242188
0.021174799650907516,174408.171875,0.02038097381591797,104.94660949707031
