loss,mape,val_loss,val_mape
0.06051364541053772,467776.3125,0.041648004204034805,449.9624938964844
0.0296084713190794,227569.40625,0.02594463713467121,294.4797058105469
0.024861877784132957,155403.75,0.021577218547463417,232.7814483642578
0.02200866863131523,159016.125,0.021146368235349655,202.2677001953125
0.022072533145546913,157983.015625,0.021712059155106544,257.3925476074219
0.020689068362116814,140548.328125,0.019332660362124443,168.40396118164062
