loss,mape,val_loss,val_mape
0.0797942504286766,1773535.25,0.05267588794231415,344.7452697753906
0.03753215819597244,946751.0,0.03723495826125145,101.60090637207031
0.028576107695698738,489614.6875,0.021283447742462158,158.2158203125
0.024613529443740845,379420.5625,0.021030427888035774,164.76547241210938
0.025506800040602684,486547.875,0.02096458524465561,157.3576202392578
0.023648789152503014,350110.09375,0.01770104095339775,90.70001983642578
