loss,mape,val_loss,val_mape
0.07776782661676407,1699762.25,0.05805216357111931,301.25604248046875
0.03657176345586777,703894.8125,0.03346162289381027,186.1233367919922
0.027466872707009315,511797.96875,0.03273329883813858,193.62376403808594
0.025707708671689034,414652.09375,0.03189290687441826,194.29371643066406
0.02369934879243374,472691.3125,0.03064466267824173,116.41217041015625
0.023001180961728096,275527.375,0.028573786839842796,151.64590454101562
