loss,mape,val_loss,val_mape
0.06961727142333984,480395.4375,0.047656167298555374,383.27008056640625
0.03624928742647171,170038.265625,0.029028987511992455,163.07833862304688
0.030080338940024376,179825.9375,0.026772961020469666,131.30288696289062
0.026903707534074783,129233.5390625,0.02729376032948494,246.18101501464844
0.025387732312083244,131898.6875,0.021846117451786995,181.799072265625
0.025345101952552795,164432.125,0.019800735637545586,140.82383728027344
