loss,mape,val_loss,val_mape
0.06914637982845306,420116.15625,0.043041814118623734,394.9584655761719
0.03792981430888176,303983.5625,0.02826051227748394,256.8727111816406
0.028514599427580833,193577.09375,0.023651855066418648,158.1575927734375
0.028262728825211525,136489.8125,0.026615001261234283,117.19610595703125
0.026905713602900505,190531.78125,0.023961616680026054,209.76425170898438
0.025846567004919052,146588.078125,0.01946611888706684,148.1796417236328
