loss,mape,val_loss,val_mape
0.07051675766706467,1796584.375,0.0318455807864666,2199263.75
0.0350201241672039,767111.875,0.029912428930401802,1225336.25
0.02831362746655941,603635.8125,0.025821423158049583,1327169.875
0.027894912287592888,603121.875,0.02661583386361599,1066810.375
0.025379862636327744,581249.25,0.026986386626958847,858976.25
0.023756807669997215,520278.5625,0.022539662197232246,664914.0
