loss,mape,val_loss,val_mape
0.06650394201278687,2101765.75,0.028029179200530052,162.4455108642578
0.031193004921078682,712893.0625,0.02327439747750759,101.29115295410156
0.028404153883457184,571348.8125,0.020831331610679626,115.64408874511719
0.026281064376235008,596538.1875,0.02062607742846012,139.84083557128906
0.023421764373779297,571149.8125,0.017438359558582306,94.9447021484375
0.022461947053670883,606814.125,0.01990104839205742,98.71275329589844
