loss,mape,val_loss,val_mape
0.05980578437447548,456081.75,0.033889587968587875,150.7829132080078
0.02974141389131546,143529.671875,0.03143780305981636,86.84225463867188
0.02483478933572769,179233.328125,0.03068942204117775,79.1386489868164
0.023309484124183655,126649.0703125,0.030859913676977158,70.65287017822266
0.022903645411133766,136931.71875,0.026402899995446205,79.39550018310547
0.022342583164572716,119603.9453125,0.0253042820841074,77.80252838134766
