loss,mape,val_loss,val_mape
0.06247754022479057,440754.59375,0.02922811359167099,105.93319702148438
0.031118294224143028,199424.421875,0.0187977347522974,67.06746673583984
0.026434745639562607,107842.4765625,0.017924120649695396,64.26026153564453
0.02331826463341713,127582.34375,0.01739230751991272,54.52059555053711
0.02397068962454796,108894.5859375,0.016207030043005943,69.76840209960938
0.021516570821404457,130297.296875,0.016157498583197594,49.51939010620117
