loss,mape,val_loss,val_mape
0.07248177379369736,1384914.125,0.03567132726311684,529.2850341796875
0.038816407322883606,571842.25,0.027109544724225998,373.21282958984375
0.03408224135637283,485387.9375,0.026122184470295906,423.2391052246094
0.030000556260347366,438506.03125,0.028601055964827538,524.7423706054688
0.027581654489040375,485750.1875,0.015962982550263405,294.9559326171875
0.024354105815291405,388766.46875,0.012845913879573345,203.2781524658203
