loss,mape,val_loss,val_mape
0.06944713741540909,1203405.125,0.04773387312889099,316.89837646484375
0.03861578181385994,573983.125,0.03940284624695778,297.9405822753906
0.03555084392428398,474724.0,0.0353502482175827,285.5827941894531
0.03172924369573593,450886.03125,0.030532538890838623,262.2322692871094
0.02731822244822979,409673.59375,0.027781812474131584,261.4302978515625
0.024757258594036102,428439.6875,0.01976948045194149,189.12954711914062
