loss,mape,val_loss,val_mape
0.06739378720521927,471997.15625,0.05001780390739441,302.7794189453125
0.03515077382326126,301552.09375,0.03990877792239189,200.21238708496094
0.02884657122194767,189915.515625,0.03723907098174095,149.23963928222656
0.02609499730169773,143588.578125,0.0360761359333992,115.04006958007812
0.027359092608094215,122184.203125,0.031979817897081375,134.65408325195312
0.02336157113313675,154599.328125,0.036129966378211975,83.5698013305664
