loss,mape,val_loss,val_mape
0.06641099601984024,388134.21875,0.05569037050008774,268.4214172363281
0.03732331097126007,264672.625,0.044021762907505035,274.9500427246094
0.030293263494968414,176678.71875,0.03681803122162819,175.06686401367188
0.029621325433254242,192321.6875,0.03563927859067917,143.17239379882812
0.02818107232451439,164775.09375,0.03462092578411102,122.44766235351562
0.025899268686771393,131220.5625,0.03421267122030258,122.657958984375
