loss,mape,val_loss,val_mape
0.06480969488620758,120643.109375,0.058707013726234436,198.00753784179688
0.03412226215004921,90752.703125,0.03545578941702843,208.431640625
0.029722070321440697,86886.4296875,0.03450988605618477,186.2962188720703
0.02666935697197914,69190.4375,0.030056169256567955,173.7566680908203
0.027276473119854927,73609.7109375,0.026406897231936455,187.28770446777344
0.023710088804364204,62826.5234375,0.025875287130475044,142.74661254882812
