loss,mape,val_loss,val_mape
0.06833373010158539,258687.125,0.038147080689668655,222.93408203125
0.03609825298190117,98220.4375,0.03089333325624466,189.32992553710938
0.032212309539318085,73998.4296875,0.030261296778917313,192.089599609375
0.030987922102212906,78467.4921875,0.02597547136247158,151.4437713623047
0.028112638741731644,69948.90625,0.024172905832529068,163.17288208007812
0.025351034477353096,63985.17578125,0.026431621983647346,213.0017852783203
