loss,mape,val_loss,val_mape
0.06622111052274704,550048.125,0.03795570135116577,281.84661865234375
0.029358359053730965,320445.34375,0.02274380996823311,127.35536193847656
0.021619925275444984,170406.828125,0.022502755746245384,102.9180908203125
0.019637467339634895,162280.65625,0.02471441775560379,130.12315368652344
0.020300613716244698,172160.15625,0.02333151176571846,147.1347198486328
0.018561245873570442,149675.625,0.023527832701802254,143.3898162841797
