loss,mape,val_loss,val_mape
0.06597697734832764,686601.125,0.04290471598505974,289.9771728515625
0.029240449890494347,380975.09375,0.022580375894904137,159.32276916503906
0.02038802020251751,239908.3125,0.021142687648534775,94.18827056884766
0.020310088992118835,204938.625,0.021974369883537292,89.56629943847656
0.01810847595334053,131337.140625,0.02012653835117817,121.76737213134766
0.018207864835858345,183228.6875,0.018709741532802582,98.3647689819336
