loss,mape,val_loss,val_mape
0.1007574200630188,452961.25,0.03705984726548195,384.3312683105469
0.053379837423563004,319012.15625,0.037599559873342514,401.7353820800781
0.05219116806983948,350726.34375,0.040443599224090576,431.86773681640625
0.05213330313563347,172951.921875,0.03321336582303047,373.3929443359375
0.04224253445863724,334288.25,0.05484643951058388,133.54592895507812
0.04781078174710274,299952.21875,0.03533681482076645,172.96713256835938
