loss,mape,val_loss,val_mape
0.13649435341358185,376397.40625,0.0629371777176857,899.4576416015625
0.07514515519142151,1046522.125,0.06984305381774902,418.1109313964844
0.07093986868858337,1003672.0625,0.046327780932188034,706.3142700195312
0.05864546447992325,1169379.625,0.03791007772088051,653.8720703125
0.05765721574425697,914870.8125,0.037743162363767624,304.6366882324219
0.04793136566877365,760388.0625,0.03542368486523628,231.6525421142578
