loss,mape,val_loss,val_mape
0.13419269025325775,227.02976989746094,0.04657836630940437,3872517.0
0.0657983124256134,186.28359985351562,0.05448763445019722,2766854.75
0.06876190751791,182.02952575683594,0.04862350970506668,2948469.25
0.05923307687044144,173.5211944580078,0.04188424348831177,3131118.25
0.06213779002428055,167.29248046875,0.049052994698286057,2359632.25
0.0510551743209362,158.31715393066406,0.06790276616811752,4761035.0
