loss,mape,val_loss,val_mape
0.06064917892217636,481398.75,0.05539770796895027,177.62559509277344
0.029937641695141792,327185.9375,0.02672455832362175,141.74420166015625
0.0199811439961195,221086.03125,0.026920977979898453,114.22525787353516
0.016546932980418205,188845.90625,0.023060809820890427,107.14669799804688
0.01640418916940689,189309.359375,0.015956025570631027,92.54203796386719
0.012031671591103077,169091.40625,0.011065488681197166,83.56098175048828
