loss,mape,val_loss,val_mape
0.04212965816259384,2506887.5,0.012633650563657284,1575295.875
0.014477906748652458,1148739.5,0.012039083987474442,1040935.9375
0.012122664600610733,939284.875,0.00931837409734726,1221556.875
0.012506349012255669,807626.6875,0.016787968575954437,624534.0625
0.010584963485598564,853947.5,0.006411080714315176,762433.25
0.009829201735556126,623765.5,0.004710025619715452,808519.375
