loss,mape,val_loss,val_mape
0.05541853606700897,410062.625,0.03073674440383911,185.48175048828125
0.026613162830471992,283152.78125,0.014238843694329262,109.585693359375
0.018777700141072273,236119.78125,0.012671414762735367,93.22734832763672
0.017687520012259483,285749.65625,0.008943861350417137,81.14137268066406
0.015115045942366123,225573.171875,0.011120045557618141,83.50688171386719
0.011546949855983257,190331.9375,0.00576421245932579,63.75021743774414
