loss,mape,val_loss,val_mape
0.05157481133937836,987792.9375,0.01235438697040081,168.05828857421875
0.025424901396036148,633173.9375,0.010654355399310589,125.08602142333984
0.01712590642273426,525742.9375,0.013278149999678135,99.90763092041016
0.016437113285064697,424616.4375,0.011122909374535084,90.36639404296875
0.015756266191601753,479438.5625,0.006857626140117645,84.79429626464844
0.015000303275883198,388908.96875,0.007720092311501503,86.88801574707031
