loss,mape,val_loss,val_mape
0.07622653245925903,4649895.0,0.03677131235599518,2834018.25
0.03263915330171585,2217925.25,0.017105141654610634,1382770.5
0.021726910024881363,1371748.625,0.017033707350492477,926472.0
0.01889117807149887,1245161.25,0.013873051851987839,1003444.125
0.01629064418375492,1188879.375,0.014102678745985031,922851.625
0.014216211624443531,1141950.125,0.01064315065741539,1042466.4375
