loss,mape,val_loss,val_mape
0.07725900411605835,4065401.5,0.04776217043399811,10032025.0
0.035666123032569885,2421391.75,0.019858410581946373,3760080.75
0.02436695247888565,1238189.625,0.018019920215010643,3302080.75
0.019142359495162964,1113151.375,0.017502548173069954,2485988.25
0.01802968978881836,1096792.0,0.017019018530845642,2091205.375
0.014812593348324299,1112517.625,0.012869945727288723,2777295.75
