loss,mape,val_loss,val_mape
0.061740413308143616,738199.0,0.028224945068359375,369.978759765625
0.023044316098093987,369845.9375,0.019247181713581085,212.727783203125
0.019475698471069336,229924.609375,0.013433245010674,149.05166625976562
0.015666810795664787,246995.203125,0.012371460907161236,173.6642608642578
0.014198172837495804,207734.484375,0.011135675013065338,154.7718505859375
0.012689776718616486,228416.296875,0.010774828493595123,135.7058868408203
