loss,mape,val_loss,val_mape
0.060613419860601425,920371.0,0.026787836104631424,312.33538818359375
0.022380832582712173,350532.59375,0.014191008172929287,155.20750427246094
0.01654033362865448,226501.6875,0.01284643542021513,160.03443908691406
0.013545775786042213,206648.59375,0.01400731224566698,173.35250854492188
0.01338488794863224,276743.53125,0.008977347984910011,87.75022888183594
0.011863071471452713,222154.3125,0.007917718030512333,106.34687042236328
