loss,mape,val_loss,val_mape
0.07530785351991653,4115709.75,0.045529842376708984,5982997.0
0.028173185884952545,2227979.5,0.020360952243208885,2100759.25
0.017931973561644554,1012632.9375,0.016676170751452446,2198363.0
0.01584027335047722,938601.1875,0.017681358382105827,2720204.0
0.015147318132221699,960441.875,0.013947173953056335,1886322.0
0.012484823353588581,891194.0625,0.019991202279925346,2993835.5
