loss,mape,val_loss,val_mape
0.07356163114309311,3919197.25,0.0372377410531044,5239212.5
0.027313636615872383,2008603.0,0.01905304193496704,2439340.0
0.019759925082325935,1064083.625,0.014274552464485168,1758999.875
0.016980228945612907,1084334.0,0.01944543421268463,2479475.25
0.01491971779614687,938881.8125,0.01094943005591631,1412664.5
0.013729279860854149,883507.5,0.009934982284903526,1845908.125
