loss,mape,val_loss,val_mape
0.06145939230918884,739998.5625,0.02299071103334427,327.60107421875
0.01899215206503868,200254.828125,0.015239989385008812,159.18275451660156
0.014481556601822376,159812.1875,0.013583077117800713,161.26344299316406
0.014166180044412613,159578.28125,0.012154573574662209,134.56956481933594
0.011564354412257671,198119.40625,0.01264252420514822,95.8907241821289
0.011620599776506424,178277.796875,0.009609363973140717,107.67069244384766
