loss,mape,val_loss,val_mape
0.0564611442387104,471177.3125,0.01936211623251438,237.9239959716797
0.01854662224650383,231200.734375,0.01796121522784233,125.66967010498047
0.01581007055938244,194422.03125,0.01622631959617138,124.8508529663086
0.01361051481217146,152983.890625,0.013854609802365303,148.91693115234375
0.012670205906033516,188355.59375,0.0132979117333889,116.03871154785156
0.011324825696647167,155278.296875,0.011088323779404163,142.56454467773438
