loss,mape,val_loss,val_mape
0.05121168866753578,477002.46875,0.024820979684591293,126.82450103759766
0.024169204756617546,238868.125,0.018127691000699997,86.9522476196289
0.019197970628738403,162533.296875,0.015746301040053368,78.57366943359375
0.01794741488993168,177087.734375,0.013179218396544456,74.42926788330078
0.014934835024178028,133645.421875,0.01146774087101221,75.18040466308594
0.012524906545877457,128990.1015625,0.009442953392863274,59.7540283203125
