loss,mape,val_loss,val_mape
0.05745817348361015,496641.96875,0.028839699923992157,99.58386993408203
0.026200033724308014,214893.3125,0.01856074295938015,60.81671142578125
0.022017421200871468,167743.25,0.015822241082787514,54.66119384765625
0.01800350286066532,159082.828125,0.014466388151049614,52.078067779541016
0.015698174014687538,152919.21875,0.012419987469911575,54.585411071777344
0.012607255019247532,136955.25,0.008735652081668377,37.3533821105957
