loss,mape,val_loss,val_mape
0.06450312584638596,253286.21875,0.048037901520729065,324.0453186035156
0.02988474816083908,157399.203125,0.026037275791168213,222.6782684326172
0.019793560728430748,71148.7734375,0.02183026820421219,174.5565948486328
0.016956182196736336,54285.7890625,0.019143996760249138,167.89329528808594
0.014052106067538261,67503.84375,0.019835205748677254,113.9501953125
0.013697562739253044,45969.2109375,0.015374431386590004,104.10978698730469
