loss,mape,val_loss,val_mape
0.0607130341231823,263108.5625,0.03533627837896347,440.63311767578125
0.027504336088895798,70019.1640625,0.022771351039409637,295.9271240234375
0.019823137670755386,71115.6875,0.01929756999015808,245.41859436035156
0.01788758672773838,78086.2578125,0.02024345099925995,271.489501953125
0.014974304474890232,72185.0546875,0.014321308583021164,175.08441162109375
0.012603833340108395,48323.9921875,0.018261244520545006,140.44613647460938
