loss,mape,val_loss,val_mape
0.0493280403316021,1409080.0,0.019079431891441345,109.29061889648438
0.01921684667468071,569576.875,0.015289639122784138,78.00395202636719
0.01604529097676277,488935.28125,0.013565155677497387,73.74952697753906
0.013424637727439404,419462.625,0.0121627077460289,73.88741302490234
0.012355463579297066,498069.3125,0.012329502031207085,61.196292877197266
0.010616132989525795,406620.3125,0.010276748798787594,45.98265838623047
