loss,mape,val_loss,val_mape
0.05048748850822449,1669732.625,0.017857840284705162,109.06965637207031
0.018535040318965912,559435.3125,0.016857342794537544,72.86612701416016
0.014876176603138447,468938.34375,0.015521759167313576,65.67129516601562
0.014483299106359482,499153.75,0.01386543083935976,66.96349334716797
0.011560006067156792,423487.53125,0.013941451907157898,71.6415023803711
0.011391855776309967,461140.34375,0.011213698424398899,54.615447998046875
