loss,mape,val_loss,val_mape
0.052940480411052704,263065.65625,0.02807212993502617,153.96678161621094
0.01820790208876133,69759.109375,0.018759770318865776,112.45208740234375
0.013351727277040482,54500.16796875,0.014816473238170147,72.28874206542969
0.011910888366401196,58739.02734375,0.013420271687209606,68.39108276367188
0.009834910742938519,61945.54296875,0.01247094664722681,61.00840759277344
0.009791985154151917,46519.00390625,0.012340396642684937,79.28532409667969
