loss,mape,val_loss,val_mape
0.05522996932268143,229085.484375,0.028808867558836937,150.79164123535156
0.019497103989124298,86733.8359375,0.011491532437503338,63.902828216552734
0.012880750000476837,44677.33984375,0.010234071873128414,59.44171142578125
0.012111474759876728,44414.29296875,0.009994356893002987,60.70706558227539
0.011068632826209068,58820.3671875,0.008491523563861847,51.45014190673828
0.009668638929724693,51198.24609375,0.008565875701606274,58.97797775268555
