loss,mape,val_loss,val_mape
0.1284439116716385,15081.546875,0.08961164206266403,181.41404724121094
0.07202256470918655,70550.0,0.0987408235669136,145.72727966308594
0.06862354278564453,141829.8125,0.05823603644967079,285.3038024902344
0.06515403836965561,214791.84375,0.06221456453204155,337.0208435058594
0.0542822927236557,104645.7109375,0.05138171836733818,296.95562744140625
0.04775996506214142,135566.359375,0.04691183939576149,281.3381042480469
