loss,mape,val_loss,val_mape
0.13892637193202972,680913.6875,0.054298583418130875,284.826904296875
0.06422549486160278,247679.3125,0.04874615743756294,271.9288024902344
0.06510496139526367,255128.296875,0.04751637950539589,296.0444030761719
0.06586911529302597,265388.75,0.04449978843331337,284.6189880371094
0.05008716508746147,260813.59375,0.04227110743522644,266.3141784667969
0.04825722798705101,232109.21875,0.02888983115553856,196.114990234375
