loss,mape,val_loss,val_mape
0.12444815039634705,826244.125,0.076116643846035,2293376.5
0.07254280149936676,1592797.5,0.06582491099834442,2540555.25
0.06493695080280304,1466248.625,0.06305793672800064,2126444.0
0.06820196658372879,1531823.25,0.04939190298318863,2411062.25
0.050504110753536224,1178727.75,0.1181630790233612,459096.25
0.04705243930220604,758247.0,0.03426193445920944,1682388.625
