loss,mape,val_loss,val_mape
0.092088483273983,95550.546875,0.04046667739748955,251.71771240234375
0.042591482400894165,216399.96875,0.04264787212014198,335.75750732421875
0.046771276742219925,281031.5625,0.040261637419462204,160.50779724121094
0.047097425907850266,149345.34375,0.04276726022362709,124.48799896240234
0.04127879813313484,200409.125,0.030486565083265305,290.29779052734375
0.035683970898389816,180677.609375,0.02473198063671589,256.0454406738281
