loss,mape,val_loss,val_mape
0.06266510486602783,193612.265625,0.0247818473726511,146.46627807617188
0.025229891762137413,103145.734375,0.024530736729502678,67.14330291748047
0.021014517173171043,56936.59765625,0.017513781785964966,86.91801452636719
0.017503852024674416,70432.046875,0.016851846128702164,119.93672943115234
0.014505818486213684,57526.66015625,0.012576469220221043,94.8598861694336
0.012394345365464687,60663.5625,0.013990628533065319,104.8417739868164
