loss,mape,val_loss,val_mape
0.06038568913936615,181883.21875,0.028784867376089096,242.33436584472656
0.024353953078389168,75448.203125,0.026888659223914146,225.23292541503906
0.020459521561861038,93215.4296875,0.017985263839364052,147.47149658203125
0.01686307042837143,69851.09375,0.014467406086623669,141.3335418701172
0.014517463743686676,57716.96875,0.012740187346935272,82.30144500732422
0.012125711888074875,62930.578125,0.009716501459479332,101.2531967163086
