loss,mape,val_loss,val_mape
0.06440942734479904,595758.0,0.038056302815675735,369.4126281738281
0.028062226250767708,370402.28125,0.01865418627858162,235.34649658203125
0.019130874425172806,172067.953125,0.0163189135491848,130.5909881591797
0.016887841746211052,170453.421875,0.01241009309887886,139.3192901611328
0.015562811866402626,187639.15625,0.011500462889671326,131.81866455078125
0.012768290005624294,151919.078125,0.008339407853782177,127.95178985595703
