loss,mape,val_loss,val_mape
0.06632781773805618,660636.75,0.0373578704893589,355.4646911621094
0.030084926635026932,383552.8125,0.01672080159187317,157.63587951660156
0.02092151530086994,236671.75,0.015287111513316631,122.55121612548828
0.017905987799167633,220093.703125,0.014030993916094303,112.1778793334961
0.016533123329281807,156380.328125,0.013042982667684555,93.52519989013672
0.013965700753033161,176250.71875,0.015213331207633018,170.1165313720703
