loss,mape,val_loss,val_mape
0.056635525077581406,466076.28125,0.038583870977163315,259.21527099609375
0.02387087233364582,229119.765625,0.018871422857046127,137.41627502441406
0.016496438533067703,138756.390625,0.016370197758078575,107.49649810791016
0.015862401574850082,135643.515625,0.015906061977148056,77.74152374267578
0.01472556497901678,131116.234375,0.013317572884261608,87.06991577148438
0.013597371987998486,135264.6875,0.013704551383852959,111.31051635742188
