loss,mape,val_loss,val_mape
0.05787528678774834,477570.90625,0.035916320979595184,266.2640075683594
0.024634849280118942,263470.375,0.0171490591019392,102.76142883300781
0.016397833824157715,144590.6875,0.01618625409901142,85.40557098388672
0.015770599246025085,121906.9921875,0.013830507174134254,96.68887329101562
0.014324869029223919,136285.828125,0.012351986952126026,98.15249633789062
0.012636597268283367,130981.21875,0.012044288218021393,113.46820068359375
