loss,mape,val_loss,val_mape
0.07378184050321579,1816048.625,0.04943238943815231,432.2491149902344
0.02842181734740734,727592.5625,0.02675027586519718,234.27923583984375
0.019193977117538452,386033.875,0.021005840972065926,143.30825805664062
0.017058897763490677,408050.0,0.02320535108447075,200.13238525390625
0.015517194755375385,361698.875,0.01804608479142189,177.04904174804688
0.015006686560809612,357077.78125,0.015047104097902775,126.85649108886719
