loss,mape,val_loss,val_mape
0.0730271115899086,1794800.0,0.049362022429704666,556.7412719726562
0.02625345066189766,786977.3125,0.02320329286158085,264.6013488769531
0.017963850870728493,401806.8125,0.020690010860562325,186.906982421875
0.016864202916622162,391744.71875,0.019543800503015518,248.8886260986328
0.014522921293973923,431069.8125,0.016483867540955544,194.82887268066406
0.014158565551042557,407769.4375,0.016676586121320724,222.68527221679688
