loss,mape,val_loss,val_mape
0.08778585493564606,2735829.25,0.048042621463537216,461.0526123046875
0.0405140295624733,1476104.625,0.02948547899723053,328.7389831542969
0.027569299563765526,942625.625,0.019405070692300797,187.8682098388672
0.023145899176597595,712396.125,0.028172794729471207,272.6907958984375
0.02287663333117962,804317.0625,0.01735161617398262,137.35403442382812
0.0212028119713068,565458.75,0.01885325089097023,85.69065856933594
