loss,mape,val_loss,val_mape
0.08365652710199356,2505224.5,0.05244903266429901,628.5028076171875
0.03760910779237747,1419098.25,0.03847124055027962,541.9637451171875
0.025749720633029938,942467.5,0.030383478850126266,352.41925048828125
0.022492006421089172,784632.0625,0.03500088304281235,454.90325927734375
0.022281894460320473,637145.4375,0.0311247780919075,159.93605041503906
0.020586073398590088,672522.625,0.02875497005879879,143.1660614013672
