loss,mape,val_loss,val_mape
0.07862773537635803,222835.328125,0.051117654889822006,809.0570068359375
0.0400819331407547,134695.15625,0.035211872309446335,529.2376708984375
0.030931396409869194,92565.390625,0.03814705088734627,543.5174560546875
0.029257621616125107,86457.265625,0.03177669644355774,392.0358581542969
0.026704490184783936,65908.875,0.03184834495186806,269.71282958984375
0.02738899551331997,51838.99609375,0.03285224363207817,465.2070617675781
