loss,mape,val_loss,val_mape
0.07779717445373535,205255.875,0.04271712526679039,428.9753723144531
0.042788539081811905,147838.65625,0.027597883716225624,249.2113494873047
0.03138420358300209,100398.6015625,0.018806511536240578,259.6815490722656
0.030140971764922142,60075.45703125,0.015594634227454662,190.540283203125
0.026151353493332863,60625.640625,0.014836880378425121,178.8465576171875
0.026396725326776505,35334.73828125,0.014996104873716831,146.5659942626953
