loss,mape,val_loss,val_mape
0.0682838186621666,470046.75,0.04452936351299286,199.93634033203125
0.034901268780231476,225345.03125,0.02982904203236103,133.23455810546875
0.029210709035396576,144843.375,0.027751896530389786,139.2453155517578
0.02898298017680645,153958.1875,0.02475113235414028,130.21697998046875
0.025092724710702896,159771.578125,0.0302260909229517,76.5368423461914
0.025801965966820717,157808.5625,0.01943931169807911,116.06423950195312
