loss,mape,val_loss,val_mape
0.06923449039459229,429254.125,0.04588959366083145,436.9328308105469
0.036154355853796005,123881.8828125,0.03561658784747124,223.2790985107422
0.03030628152191639,148356.25,0.03200909495353699,200.70730590820312
0.029573531821370125,151318.09375,0.030404560267925262,233.02597045898438
0.026887832209467888,168615.984375,0.028630545362830162,235.191162109375
0.025903191417455673,167967.4375,0.027436798438429832,231.647705078125
