loss,mape,val_loss,val_mape
0.08747880160808563,76954664.0,0.043302737176418304,54109996.0
0.03892434760928154,40054596.0,0.024919738993048668,30593340.0
0.029680347070097923,29564788.0,0.019716776907444,25503452.0
0.02731502428650856,25428306.0,0.019670797511935234,17436732.0
0.02591228298842907,22122682.0,0.018643643707036972,23749290.0
0.024452421814203262,22249096.0,0.018596507608890533,24362578.0
