loss,mape,val_loss,val_mape
0.09296874701976776,79987352.0,0.040989648550748825,50935024.0
0.04005219414830208,40859264.0,0.024465858936309814,38060164.0
0.029646430164575577,29999662.0,0.019204074516892433,29215752.0
0.026356935501098633,23554010.0,0.019051460549235344,28608522.0
0.025928327813744545,21998214.0,0.01893281191587448,30961690.0
0.024627352133393288,22393824.0,0.020888790488243103,33331378.0
