loss,mape,val_loss,val_mape
0.06914377957582474,1182206.125,0.02820519730448723,342.5390625
0.029367541894316673,724130.1875,0.01974356360733509,238.1009979248047
0.020883463323116302,609464.8125,0.016745058819651604,191.39207458496094
0.021666983142495155,554216.25,0.017225833609700203,187.85670471191406
0.016579462215304375,408633.125,0.014625095762312412,159.18580627441406
0.017450077459216118,407993.5625,0.0127783278003335,155.1632843017578
