loss,mape,val_loss,val_mape
0.07686303555965424,170596.8125,0.026317091658711433,320.2814025878906
0.03438570350408554,119864.0234375,0.016501959413290024,194.73069763183594
0.024632086977362633,86422.8125,0.012531712651252747,159.65223693847656
0.02325564995408058,74627.375,0.011684674769639969,160.84829711914062
0.018794884905219078,56649.66796875,0.01038305927067995,159.2532958984375
0.015495548024773598,70321.4765625,0.014272058382630348,166.55630493164062
