loss,mape,val_loss,val_mape
0.05904413014650345,231722.0,0.0333215668797493,413.2446594238281
0.025496315211057663,123332.0,0.013243057765066624,206.3357391357422
0.01638282649219036,52653.49609375,0.012671669013798237,167.08570861816406
0.013514535501599312,61607.44140625,0.010333028621971607,145.49351501464844
0.013630148954689503,41430.11328125,0.009762965142726898,117.29945373535156
0.011578799225389957,55277.76171875,0.009707172401249409,151.47909545898438
