loss,mape,val_loss,val_mape
0.0577930249273777,236868.21875,0.03770693764090538,208.56837463378906
0.023499567061662674,131335.65625,0.02046283893287182,139.89208984375
0.015142563730478287,79117.3125,0.013776103034615517,77.72915649414062
0.013619049452245235,43633.23828125,0.012927626259624958,71.19363403320312
0.011203453876078129,46651.5234375,0.011650439351797104,66.72283935546875
0.010281921364367008,45450.37109375,0.016307074576616287,109.3150405883789
