loss,mape,val_loss,val_mape
0.05170493200421333,1766747.625,0.04770340397953987,284.5009765625
0.024390283972024918,947940.625,0.012492004781961441,214.790771484375
0.017474262043833733,747459.1875,0.012966429814696312,185.4512176513672
0.016021130606532097,713006.3125,0.00763825373724103,183.36326599121094
0.013693456538021564,658163.4375,0.007843696512281895,162.13427734375
0.012327495962381363,479968.53125,0.0087009621784091,155.6551513671875
