loss,mape,val_loss,val_mape
0.06164835765957832,3335174.5,0.023674923926591873,486.6067810058594
0.029267722740769386,1504398.5,0.0160546712577343,323.484130859375
0.01814756728708744,1311368.5,0.02277209982275963,207.0835418701172
0.019021237269043922,1142477.875,0.02003585733473301,218.0072479248047
0.016151567921042442,1132878.25,0.012739110738039017,193.703857421875
0.013583076186478138,1120711.125,0.011532684788107872,177.23255920410156
