loss,mape,val_loss,val_mape
0.0730104073882103,1505080.875,0.08796131610870361,325.7995300292969
0.03732356056571007,1272051.375,0.028096700087189674,208.28778076171875
0.021182674914598465,1163688.0,0.029538003727793694,173.16615295410156
0.02246035449206829,1031606.9375,0.031499478965997696,183.87216186523438
0.017021749168634415,831999.4375,0.011082189157605171,92.49578094482422
0.01690850593149662,848810.625,0.00964029785245657,85.21739959716797
