loss,mape,val_loss,val_mape
0.0624999925494194,1628127.875,0.03134259209036827,6271931.0
0.02227150648832321,634649.3125,0.024901822209358215,4805534.5
0.01786673255264759,529370.875,0.020759258419275284,3113701.0
0.014535143040120602,453181.0,0.016679417341947556,3268647.0
0.01268609520047903,457105.3125,0.015425429679453373,3048343.75
0.010698474943637848,454981.09375,0.012372025288641453,2745578.5
