loss,mape,val_loss,val_mape
0.06240006163716316,2031710.875,0.03302526846528053,4122011.5
0.02190629206597805,818848.4375,0.026184525340795517,1910581.125
0.017916090786457062,562058.375,0.019526496529579163,2680227.25
0.015330757945775986,606281.875,0.015941254794597626,1911191.125
0.011816094629466534,511233.5,0.013009835034608841,1688132.75
0.010916116647422314,491940.375,0.010658901184797287,1917646.0
