loss,mape,val_loss,val_mape
0.0649242103099823,224109.765625,0.03803681954741478,313.1193542480469
0.028456280007958412,102505.859375,0.019518457353115082,136.40223693847656
0.01881232112646103,75175.234375,0.022880936041474342,86.64623260498047
0.017941810190677643,62957.359375,0.017604807391762733,96.43013000488281
0.015429609455168247,52141.29296875,0.015144630335271358,111.24935150146484
0.013635237701237202,38406.09375,0.011675700545310974,141.7816619873047
