loss,mape,val_loss,val_mape
0.06693608313798904,481.6385192871094,0.044901177287101746,3110384.5
0.02898659184575081,258.4825134277344,0.018000824376940727,1683384.5
0.019443005323410034,154.1294708251953,0.014763111248612404,1430432.625
0.015641262754797935,134.67575073242188,0.009928865358233452,1071421.0
0.014671395532786846,123.10990905761719,0.009411977604031563,1047453.8125
0.01199396513402462,118.06426239013672,0.008677744306623936,860609.5
