loss,mape,val_loss,val_mape
0.06088630110025406,462430.5625,0.027311790734529495,178.30422973632812
0.02137092873454094,134922.3125,0.01668512262403965,87.55107116699219
0.016441654413938522,127855.9375,0.01399242039769888,80.29231262207031
0.014574697241187096,147272.90625,0.012091485783457756,85.230224609375
0.011681563220918179,81243.5,0.010932479985058308,82.86967468261719
0.01116088218986988,73807.1953125,0.008440178819000721,56.379188537597656
