loss,mape,val_loss,val_mape
0.05452877655625343,110966.0,0.01878170482814312,1448503.0
0.020492151379585266,61023.734375,0.013732412829995155,986856.6875
0.01738925278186798,82057.1484375,0.012954569421708584,849197.6875
0.014759874902665615,68093.5546875,0.012579587288200855,1228028.375
0.012296945787966251,58634.3359375,0.009158795699477196,1042002.375
0.01050387229770422,65294.83984375,0.011263375170528889,1213909.25
