loss,mape,val_loss,val_mape
0.05214758217334747,263533.5,0.019277825951576233,105.80341339111328
0.016069795936346054,49771.62890625,0.01329353079199791,56.41777420043945
0.013073432259261608,68584.3125,0.01127555500715971,62.450538635253906
0.011973761953413486,52813.0,0.009710995480418205,52.25347137451172
0.009666689671576023,56652.40234375,0.009165851399302483,55.04929733276367
0.00947598647326231,57656.11328125,0.009612000547349453,71.07818603515625
