loss,mape,val_loss,val_mape
0.0549091137945652,204979.28125,0.024370482191443443,200.9802703857422
0.016875870525836945,134280.328125,0.01071668416261673,85.50484466552734
0.01205397304147482,61646.78515625,0.00988542940467596,72.73471069335938
0.012479658238589764,77498.984375,0.008499552495777607,77.17693328857422
0.009790429845452309,67359.7734375,0.008328786119818687,80.85485076904297
0.00922389142215252,48781.12890625,0.006867760326713324,52.24088668823242
