loss,mape,val_loss,val_mape
0.04524553194642067,79.60123443603516,0.04360129311680794,74.64486694335938
0.04414726421236992,77.7303237915039,0.04338531568646431,76.13623809814453
0.043918270617723465,77.42864227294922,0.043277960270643234,76.9327621459961
0.04375317320227623,77.35591125488281,0.04317140951752663,77.02877807617188
0.0436381995677948,77.38296508789062,0.04306617006659508,76.85816955566406
0.043544501066207886,77.39407348632812,0.04296762868762016,76.3864517211914
