loss,mape,val_loss,val_mape
0.08965076506137848,500860.90625,0.03543619439005852,268.8887023925781
0.043238166719675064,548911.75,0.06203653663396835,129.1597137451172
0.044014934450387955,516279.71875,0.032121844589710236,369.4192810058594
0.03749851509928703,342782.25,0.03315320983529091,399.9837646484375
0.042264096438884735,539269.25,0.03574800491333008,429.4508056640625
0.04027131572365761,233623.515625,0.02729153446853161,275.1026916503906
