loss,mape,val_loss,val_mape
0.10083769261837006,77825.234375,0.035921361297369,110.74150085449219
0.03539445623755455,50915.84375,0.024253228679299355,177.76397705078125
0.03604968264698982,31988.181640625,0.020955296233296394,215.614990234375
0.02913789078593254,53072.23046875,0.021851789206266403,181.87232971191406
0.029705651104450226,88187.6171875,0.018949510529637337,211.5934600830078
0.02582470513880253,59949.81640625,0.020422307774424553,159.15733337402344
