loss,mape,val_loss,val_mape
0.11483268439769745,152631.265625,0.05703866481781006,359.68450927734375
0.05046140030026436,214140.59375,0.048837434500455856,153.01878356933594
0.045111168175935745,192371.359375,0.03613027185201645,239.70716857910156
0.04094727337360382,67373.796875,0.04016491025686264,289.6276550292969
0.0408826544880867,112423.4375,0.03547441214323044,264.2423095703125
0.03771586716175079,211016.171875,0.03298099339008331,254.36614990234375
