loss,mape,val_loss,val_mape
0.0654296725988388,501195.71875,0.04964517802000046,152.8106689453125
0.04255777224898338,263267.90625,0.03433040902018547,105.72123718261719
0.035636767745018005,205804.359375,0.03155926987528801,89.03578186035156
0.033201757818460464,190440.046875,0.03121631219983101,94.52984619140625
0.030482029542326927,248389.125,0.03070874884724617,79.66349029541016
0.02900487743318081,173689.921875,0.02286885492503643,78.89714813232422
