loss,mape,val_loss,val_mape
0.06774796545505524,211069.5,0.04433207958936691,309.7823486328125
0.03937441110610962,160408.453125,0.03222554922103882,139.70594787597656
0.030089234933257103,97037.7421875,0.023459581658244133,133.24130249023438
0.028340306133031845,70452.515625,0.021631665527820587,134.11988830566406
0.025471333414316177,94011.671875,0.019843807443976402,152.88453674316406
0.023789605125784874,104300.0546875,0.034345101565122604,79.18228149414062
