loss,mape,val_loss,val_mape
0.05608150362968445,1356667.25,0.02292216569185257,2376943.0
0.028183437883853912,557713.9375,0.02048339881002903,1832991.25
0.025341074913740158,469994.21875,0.019309667870402336,1583142.75
0.02504510059952736,522162.375,0.019036754965782166,1309570.0
0.02247007004916668,458379.59375,0.01859281025826931,1027130.625
0.020987527444958687,394710.96875,0.015245180577039719,1739431.0
