loss,mape,val_loss,val_mape
0.05752868950366974,254672.015625,0.03431567922234535,165.2433624267578
0.028476323932409286,84363.40625,0.01679997704923153,88.78482055664062
0.021419182419776917,79166.3125,0.01621774211525917,86.82176208496094
0.019649187102913857,80715.7578125,0.017647329717874527,99.08333587646484
0.019872885197401047,68507.0859375,0.01616755872964859,61.47514724731445
0.019423093646764755,26967.595703125,0.014112327247858047,72.42467498779297
