loss,mape,val_loss,val_mape
0.11853128671646118,283701.78125,0.04209093376994133,315.4564208984375
0.058678191155195236,253982.5,0.037459149956703186,280.9726257324219
0.059435658156871796,103606.4375,0.036483850330114365,305.2690734863281
0.05358879640698433,101223.203125,0.05303875356912613,377.6912536621094
0.04899996891617775,147817.640625,0.034048695117235184,120.29690551757812
0.0430462621152401,166558.640625,0.04292324185371399,85.71302795410156
