loss,mape,val_loss,val_mape
0.08378515392541885,10522168.0,0.06075822189450264,13806268.0
0.043912045657634735,4576327.5,0.04167670011520386,8081176.0
0.03606978431344032,3436486.5,0.043877288699150085,5475759.5
0.03411959111690521,3061555.0,0.03835568204522133,5299516.5
0.030852042138576508,2897580.5,0.03733012452721596,4136400.25
0.030123688280582428,2617382.25,0.03340369462966919,4503480.0
