loss,mape,val_loss,val_mape
0.08175811171531677,10825243.0,0.04373921826481819,2876565.0
0.041861481964588165,4454821.5,0.03845151886343956,1929215.625
0.035652585327625275,3632731.0,0.03716674819588661,1135523.625
0.03467884659767151,3237875.0,0.03341316431760788,1333379.125
0.030243365094065666,3127602.75,0.03477547690272331,1573252.875
0.02805861458182335,2825202.25,0.033743713051080704,702707.875
