loss,mape,val_loss,val_mape
0.07691627740859985,2090294.25,0.05266124755144119,813.3646240234375
0.03965860977768898,1198175.375,0.0258942861109972,469.93011474609375
0.02791992947459221,676647.0625,0.029172731563448906,231.18295288085938
0.02715444006025791,671131.25,0.021524518728256226,309.9654235839844
0.02497551403939724,615084.625,0.02258710376918316,225.71783447265625
0.02345380187034607,548731.3125,0.025510892271995544,128.61734008789062
