loss,mape,val_loss,val_mape
0.0743943527340889,1750027.125,0.04696302488446236,3192489.5
0.03847463056445122,1087987.0,0.032264988869428635,2256003.75
0.03009599819779396,722628.5,0.030181966722011566,1369306.125
0.027050413191318512,598418.625,0.027438072487711906,1716529.125
0.02679920196533203,543443.875,0.025924690067768097,1586622.25
0.02388552948832512,547952.375,0.025230148807168007,1578511.875
