loss,mape,val_loss,val_mape
0.0839695855975151,4593292.5,0.036662932485342026,659.9058837890625
0.038226038217544556,1911280.75,0.027814211323857307,413.4002990722656
0.03299304470419884,1289635.5,0.02653931826353073,238.9359893798828
0.030342333018779755,1084223.875,0.02353021129965782,281.0979309082031
0.029459433630108833,1090577.5,0.02138252556324005,326.33984375
0.024333201348781586,1039466.0,0.018772464245557785,165.55995178222656
