loss,mape,val_loss,val_mape
0.08027361333370209,4244496.5,0.038977473974227905,2326187.75
0.03930649533867836,1904249.375,0.029798170551657677,1443934.75
0.03251482918858528,1239702.125,0.025339866057038307,890083.0
0.03129131346940994,1198321.375,0.02265564724802971,670639.6875
0.02881736494600773,1032619.25,0.026950033381581306,1625752.75
0.027003580704331398,1147011.875,0.02024739421904087,1181186.25
