loss,mape,val_loss,val_mape
0.06940038502216339,1875573.875,0.034294407814741135,392.6339416503906
0.03416401147842407,1094516.625,0.018912561237812042,189.93772888183594
0.025142602622509003,576055.625,0.018847821280360222,128.20867919921875
0.022798197343945503,488055.375,0.018275616690516472,145.29058837890625
0.022280044853687286,383086.9375,0.017593294382095337,143.6758270263672
0.021298853680491447,432926.0625,0.01676224358379841,144.52027893066406
