loss,mape,val_loss,val_mape
0.06887342780828476,1728165.5,0.04930504411458969,573.4287719726562
0.03307474032044411,890742.375,0.02734304405748844,211.84759521484375
0.0247520599514246,482952.125,0.021877193823456764,227.77479553222656
0.022002387791872025,424684.25,0.019814439117908478,248.4888153076172
0.02298605628311634,468635.65625,0.02049337327480316,200.76426696777344
0.020009875297546387,411004.96875,0.01845557987689972,142.2574005126953
