loss,mape,val_loss,val_mape
0.06690698117017746,170547.640625,0.03931459039449692,284.9026184082031
0.030169127508997917,150140.203125,0.02158212661743164,161.95684814453125
0.023535611107945442,99101.484375,0.019680920988321304,175.73876953125
0.018865766003727913,56429.7578125,0.015884755179286003,117.84786987304688
0.017726890742778778,92527.484375,0.0139065096154809,97.46919250488281
0.013804060406982899,74981.9765625,0.0109863867983222,121.26417541503906
