loss,mape,val_loss,val_mape
0.0657898485660553,202288.3125,0.03977759927511215,321.93426513671875
0.02950919419527054,173279.765625,0.021532878279685974,158.5177001953125
0.021061906591057777,81209.53125,0.01990940049290657,131.6172332763672
0.01896611601114273,93426.2265625,0.016441386193037033,121.03703308105469
0.014976263977587223,103164.25,0.015686748549342155,166.1487274169922
0.013945234939455986,103523.9765625,0.010906277224421501,133.98629760742188
