loss,mape,val_loss,val_mape
0.0612674281001091,960243.9375,0.016195308417081833,1479484.625
0.024434249848127365,396635.125,0.013421102426946163,1510305.625
0.01866667903959751,365065.59375,0.011063093319535255,979265.4375
0.015407076105475426,310478.03125,0.008137371391057968,1101596.625
0.012869767844676971,263931.0,0.006940675433725119,1025460.6875
0.010413096286356449,266701.21875,0.004531423561275005,1052008.875
