loss,mape,val_loss,val_mape
0.060602981597185135,1032757.125,0.021858256310224533,1901896.375
0.023106012493371964,334174.1875,0.014895237050950527,1363801.25
0.018628528341650963,320058.875,0.01230376772582531,1188300.625
0.015777993947267532,295791.625,0.01005712803453207,1024122.9375
0.012045604176819324,309302.625,0.008003946393728256,1118845.75
0.0108871478587389,284373.09375,0.006984559819102287,1018830.8125
