loss,mape,val_loss,val_mape
0.06356598436832428,467146.0,0.034382425248622894,429.32708740234375
0.025834862142801285,206205.546875,0.021187808364629745,223.37921142578125
0.01972104236483574,104031.8515625,0.019848965108394623,237.9449005126953
0.017491046339273453,118309.59375,0.017170842736959457,201.29725646972656
0.015077394433319569,97119.4296875,0.015922658145427704,132.86312866210938
0.012977099977433681,129563.515625,0.011675301007926464,155.5594940185547
