loss,mape,val_loss,val_mape
0.062166355550289154,360773.75,0.02880965918302536,174.0316925048828
0.027203258126974106,208903.3125,0.017519636079669,93.28385925292969
0.01989099383354187,116668.1484375,0.016468530520796776,74.05789184570312
0.017773378640413284,150726.59375,0.012924782931804657,76.25048065185547
0.016210483387112617,101771.2265625,0.013655684888362885,108.5234146118164
0.013917491771280766,136426.515625,0.011041626334190369,97.12409973144531
