loss,mape,val_loss,val_mape
0.06021743267774582,154306.140625,0.025469791144132614,171.6688232421875
0.021093524992465973,92044.859375,0.021267937496304512,164.2887725830078
0.01760140433907509,62084.39453125,0.018029194325208664,164.62109375
0.015123489312827587,78517.6953125,0.015272492542862892,125.67776489257812
0.012655021622776985,55437.18359375,0.01319416705518961,97.20587158203125
0.01031382754445076,64499.02734375,0.011780839413404465,81.42976379394531
