loss,mape,val_loss,val_mape
0.05942424759268761,254370.15625,0.02345862425863743,217.7819061279297
0.023211903870105743,63907.01953125,0.019318517297506332,176.57623291015625
0.018355002626776695,80061.453125,0.016310816630721092,150.9795684814453
0.01656459830701351,71084.2890625,0.0136323357000947,134.895263671875
0.013378561474382877,80393.3046875,0.011180543340742588,122.11356353759766
0.011796250939369202,76874.59375,0.00917133316397667,130.5357208251953
