loss,mape,val_loss,val_mape
0.0624849870800972,751908.5,0.035563014447689056,392.3676452636719
0.024868322536349297,336363.625,0.01591583713889122,221.67391967773438
0.014692487195134163,126516.5546875,0.0128907086327672,158.13136291503906
0.01312047615647316,140366.828125,0.013385103084146976,92.55736541748047
0.012949375435709953,160613.453125,0.011229644529521465,136.32650756835938
0.010974513366818428,131473.359375,0.01014497596770525,108.41938781738281
