loss,mape,val_loss,val_mape
0.06255526840686798,734602.6875,0.03456735983490944,215.02049255371094
0.021860407665371895,372644.65625,0.015662306919693947,115.22377014160156
0.013960661366581917,177199.15625,0.017761465162038803,115.57403564453125
0.012455509975552559,143036.8125,0.014891327358782291,109.42888641357422
0.01216186210513115,125428.1328125,0.014375858008861542,110.5499496459961
0.010547798126935959,161333.9375,0.011997407302260399,92.6342544555664
