loss,mape,val_loss,val_mape
0.0552816167473793,509556.53125,0.021779892966151237,212.16375732421875
0.02534361742436886,268438.0,0.02326563000679016,192.12701416015625
0.01810404285788536,234610.796875,0.017467303201556206,157.7244415283203
0.014727486297488213,200648.640625,0.014263625256717205,140.18646240234375
0.01528580579906702,232853.8125,0.010534832254052162,131.63082885742188
0.012106984853744507,173422.984375,0.010672196745872498,113.50276184082031
