loss,mape,val_loss,val_mape
0.047218579798936844,263199.75,0.051733482629060745,130.04454040527344
0.028707701712846756,112286.5859375,0.009727705270051956,119.92750549316406
0.01549147255718708,94231.46875,0.007271768990904093,106.37896728515625
0.012750957161188126,109569.46875,0.0052120559848845005,82.21553802490234
0.011898022145032883,81672.2734375,0.006403200328350067,81.22423553466797
0.011116504669189453,74229.7890625,0.005841393955051899,80.9994125366211
