loss,mape,val_loss,val_mape
0.0763845220208168,461477.03125,0.04100524261593819,361.9505310058594
0.030183762311935425,344454.9375,0.023410486057400703,219.06211853027344
0.021722104400396347,252166.15625,0.014806932769715786,182.7539520263672
0.018657252192497253,292821.9375,0.01211260724812746,174.2094268798828
0.018382035195827484,241097.234375,0.010698463767766953,170.069091796875
0.013319239020347595,190702.046875,0.01126992329955101,155.538330078125
