loss,mape,val_loss,val_mape
0.06160350888967514,115361.734375,0.023907208815217018,1365570.75
0.02779223769903183,42454.78515625,0.019910458475351334,1108238.0
0.021267235279083252,92266.53125,0.013931190595030785,1094489.25
0.016652721911668777,61288.86328125,0.014986544847488403,1003400.375
0.0159744955599308,70695.25,0.010095767676830292,903888.6875
0.01757112704217434,55307.0546875,0.008126120083034039,929430.1875
