loss,mape,val_loss,val_mape
0.10492710769176483,6715.69921875,0.08320927619934082,163.5587921142578
0.05478120595216751,156534.5625,0.04197108745574951,436.8741760253906
0.04918365180492401,233299.484375,0.03881065919995308,409.2850341796875
0.04383092746138573,258713.515625,0.03840839862823486,488.14703369140625
0.04335411638021469,147031.359375,0.05033491179347038,173.91441345214844
0.0407961830496788,364327.6875,0.057807061821222305,128.6461181640625
