loss,mape,val_loss,val_mape
0.1263858675956726,2028932.25,0.07530354708433151,443.15533447265625
0.08431698381900787,1976583.625,0.06683482974767685,409.6394958496094
0.07783009856939316,1671268.875,0.05459523946046829,338.74591064453125
0.06694789230823517,1428593.625,0.049546875059604645,340.37225341796875
0.05885669216513634,1400867.0,0.040435802191495895,301.99755859375
0.054514329880476,1366588.125,0.03804851323366165,294.2953796386719
