loss,mape,val_loss,val_mape
0.15075597167015076,144969.609375,0.05823434516787529,165.4464874267578
0.0645546242594719,267637.34375,0.08022284507751465,123.85330200195312
0.05941258743405342,381944.375,0.047100141644477844,182.8006591796875
0.05572878569364548,321313.09375,0.06226808577775955,128.39622497558594
0.050799835473299026,228073.484375,0.04957549273967743,125.6514663696289
0.05118023231625557,239985.09375,0.034162383526563644,197.11672973632812
