loss,mape,val_loss,val_mape
0.05202523246407509,207125.28125,0.04484983906149864,173.2375030517578
0.019257348030805588,121717.703125,0.03462772071361542,124.60287475585938
0.02129860781133175,145000.484375,0.0108100650832057,113.37694549560547
0.016908403486013412,118116.625,0.010993014089763165,113.55531311035156
0.015839146450161934,85974.53125,0.0101143354550004,106.8691177368164
0.012945909053087234,97489.484375,0.009081698954105377,108.32707214355469
