loss,mape,val_loss,val_mape
0.06118733435869217,724834.1875,0.02300206758081913,278.50537109375
0.02829132415354252,384866.1875,0.020305614918470383,158.78665161132812
0.02208300307393074,309784.84375,0.024242648854851723,211.12246704101562
0.018027426674962044,297836.1875,0.013229824602603912,148.52484130859375
0.014286234974861145,244439.328125,0.015258456580340862,148.21376037597656
0.013394663110375404,253596.6875,0.012362740002572536,128.73150634765625
