loss,mape,val_loss,val_mape
0.07648579776287079,812799.6875,0.024761978536844254,114.6650390625
0.03310229629278183,456379.3125,0.021883424371480942,77.73951721191406
0.022213824093341827,338998.09375,0.018623726442456245,61.58549880981445
0.023234400898218155,299354.96875,0.01323617435991764,57.023433685302734
0.019168496131896973,307227.34375,0.012360702268779278,53.21298599243164
0.015676571056246758,250880.3125,0.010127782821655273,49.95376205444336
