loss,mape,val_loss,val_mape
0.05225509777665138,77018.640625,0.03458587825298309,157.26791381835938
0.024616191163659096,56272.265625,0.020171215757727623,98.68814086914062
0.02238541841506958,43875.4375,0.02121676318347454,51.083316802978516
0.019427120685577393,30933.716796875,0.019679492339491844,47.97226333618164
0.019119905307888985,40381.75390625,0.01429490651935339,48.223934173583984
0.01453068945556879,73161.1171875,0.01674402505159378,44.23713684082031
