loss,mape,val_loss,val_mape
0.06428539007902145,443566.90625,0.022533860057592392,119.4921646118164
0.02969219908118248,292319.84375,0.02249893546104431,86.69609832763672
0.022104980424046516,222438.6875,0.017096085473895073,80.82743072509766
0.016461683437228203,205859.0625,0.01666749082505703,76.02346801757812
0.01966540515422821,199257.453125,0.0186530239880085,74.20236206054688
0.01707042194902897,218253.78125,0.017659224569797516,72.56520080566406
