loss,mape,val_loss,val_mape
0.05517584830522537,116376.703125,0.03289708495140076,225.04776000976562
0.026649711653590202,86123.546875,0.012104276567697525,137.2168426513672
0.02028174139559269,59761.26171875,0.007742538116872311,91.13289642333984
0.01751282624900341,39326.1796875,0.007789201568812132,70.28389739990234
0.016469841822981834,53863.984375,0.009928632527589798,69.81774139404297
0.013712144456803799,39179.9140625,0.012300212867558002,78.28659057617188
