loss,mape,val_loss,val_mape
0.06657813489437103,979688.1875,0.03569943085312843,3052789.25
0.03135941922664642,760872.875,0.036981530487537384,2351509.75
0.023921241983771324,624793.3125,0.03584372252225876,1976738.375
0.018131287768483162,482051.15625,0.028324050828814507,1703113.875
0.018588561564683914,471814.46875,0.020890070125460625,1781294.625
0.01716063916683197,410112.8125,0.024263357743620872,1674745.875
