loss,mape,val_loss,val_mape
0.0565919391810894,205254.8125,0.01657748408615589,112.69364166259766
0.031693827360868454,114068.921875,0.012074705213308334,78.85370635986328
0.02344856597483158,93673.0859375,0.021619144827127457,68.5694808959961
0.01778845116496086,104563.4375,0.013383101671934128,60.035858154296875
0.01793188974261284,90680.09375,0.007975764572620392,61.4622688293457
0.010576138272881508,67126.0,0.022529087960720062,59.800113677978516
