loss,mape,val_loss,val_mape
0.06544385105371475,1497379.0,0.03908487409353256,178.48056030273438
0.03469768911600113,610889.5625,0.033851318061351776,217.29464721679688
0.02982686646282673,534724.1875,0.03228124603629112,215.31399536132812
0.02917146123945713,582076.8125,0.027628589421510696,180.75680541992188
0.026964988559484482,515635.625,0.02805015631020069,181.76263427734375
0.022945282980799675,513068.59375,0.025081202387809753,148.32321166992188
