loss,mape,val_loss,val_mape
0.0662226751446724,1651343.5,0.03219686076045036,331.4930419921875
0.03489355370402336,714143.1875,0.02233147621154785,179.29815673828125
0.029116813093423843,587529.0,0.024127082899212837,251.6537628173828
0.02907891385257244,528031.6875,0.02386065013706684,246.71337890625
0.02523292787373066,565911.875,0.018388614058494568,190.7562255859375
0.026648996397852898,450187.28125,0.017082970589399338,194.35284423828125
