loss,mape,val_loss,val_mape
0.06890444457530975,256733.125,0.03655995801091194,194.96519470214844
0.03035023994743824,83384.9375,0.0191802941262722,186.2859649658203
0.023759661242365837,52834.03125,0.01758292317390442,145.8829803466797
0.02376345358788967,76522.484375,0.017033427953720093,101.78606414794922
0.02100704237818718,64521.48828125,0.018933851271867752,180.22727966308594
0.0192156620323658,64222.18359375,0.01393138337880373,132.17279052734375
