loss,mape,val_loss,val_mape
0.06921062618494034,206542.265625,0.02931176871061325,287.71124267578125
0.028934571892023087,53496.98828125,0.024222632870078087,134.77047729492188
0.024869615212082863,58052.40234375,0.02502494305372238,95.83822631835938
0.024689245969057083,44121.55859375,0.022264549508690834,105.36322021484375
0.021800687536597252,39680.8359375,0.02040906436741352,102.58966064453125
0.02180156670510769,76772.1796875,0.017229871824383736,132.65963745117188
