loss,mape,val_loss,val_mape
0.06594295054674149,805238.375,0.026677610352635384,130.62933349609375
0.029959900304675102,468558.09375,0.031019968912005424,95.03147888183594
0.020630721002817154,392827.25,0.026318155229091644,84.73432922363281
0.01925838366150856,373033.46875,0.00996179599314928,71.3905029296875
0.019223656505346298,317866.1875,0.010341220535337925,81.90481567382812
0.012580261565744877,391895.3125,0.020707683637738228,102.42974853515625
