loss,mape,val_loss,val_mape
0.05411951616406441,156538.484375,0.01775653101503849,215.03756713867188
0.025003232061862946,71791.890625,0.01033035572618246,150.34230041503906
0.015119051560759544,121630.8203125,0.012802702374756336,117.6352767944336
0.01453328412026167,83827.3828125,0.0067985584028065205,109.709228515625
0.01269050594419241,68396.9296875,0.007136888336390257,96.47037506103516
0.012393901124596596,99717.8984375,0.004117304924875498,93.8901138305664
