loss,mape,val_loss,val_mape
0.06204650551080704,149722.625,0.03204870969057083,150.35130310058594
0.031065942719578743,121099.7265625,0.01409174408763647,100.23487854003906
0.021933438256382942,84241.3125,0.011114126071333885,76.43013000488281
0.01915479637682438,64826.15625,0.010970775038003922,70.3705062866211
0.01814410649240017,56024.55078125,0.009599865414202213,67.72828674316406
0.01648716628551483,77914.28125,0.014129526913166046,66.16907501220703
