loss,mape,val_loss,val_mape
0.053469277918338776,243396.546875,0.04348267242312431,238.28839111328125
0.030018284916877747,200107.390625,0.03028777241706848,166.67361450195312
0.019541854038834572,104825.421875,0.016245132312178612,102.63407897949219
0.020230654627084732,120724.40625,0.006964231375604868,69.0557861328125
0.01855125091969967,164421.921875,0.006988943088799715,77.22777557373047
0.015381580218672752,143883.0,0.008423792198300362,78.55258178710938
