loss,mape,val_loss,val_mape
0.15231001377105713,457350.25,0.06468282639980316,180.23324584960938
0.06974024325609207,142378.375,0.06744669377803802,147.3695526123047
0.07497207820415497,99506.5078125,0.06472762674093246,144.1919403076172
0.06590265035629272,202153.34375,0.06238168478012085,135.7506866455078
0.05641213059425354,270677.875,0.1001562774181366,90.6779556274414
0.05854817107319832,109975.703125,0.05407648906111717,108.09447479248047
