loss,mape,val_loss,val_mape
0.11279429495334625,224514.484375,0.10295277833938599,106.5093002319336
0.06423362344503403,444072.28125,0.046146146953105927,360.58251953125
0.04791087657213211,436485.84375,0.05672222003340721,471.66912841796875
0.054132815450429916,437894.03125,0.07087445259094238,128.8184814453125
0.04962747544050217,192333.734375,0.05270541086792946,146.40286254882812
0.046713944524526596,426207.65625,0.030684050172567368,199.28883361816406
