loss,mape,val_loss,val_mape
0.08690489828586578,35316.5078125,0.04362301900982857,160.3778533935547
0.04057436063885689,237107.234375,0.0725177600979805,92.12396240234375
0.040037866681814194,85461.96875,0.03442111983895302,195.91317749023438
0.04188038781285286,279872.40625,0.04126404598355293,134.2628173828125
0.03739231079816818,166834.578125,0.04027954861521721,122.0735092163086
0.035341713577508926,231309.390625,0.03204631805419922,124.76071166992188
