loss,mape,val_loss,val_mape
0.16043254733085632,162038.53125,0.12324092537164688,6640427.5
0.08642590045928955,488832.4375,0.07643567770719528,3513854.75
0.08187437057495117,513627.40625,0.07486142963171005,2977985.0
0.07783111929893494,689013.9375,0.09487389028072357,1875599.25
0.07178965955972672,372981.6875,0.05114235728979111,3975986.75
0.06651628017425537,416322.3125,0.03664002567529678,2768935.5
