loss,mape,val_loss,val_mape
0.11986543238162994,77367.046875,0.05706414207816124,173.4865264892578
0.052751634269952774,266066.84375,0.053962890058755875,149.80235290527344
0.06068776920437813,251678.796875,0.049859508872032166,152.0257568359375
0.05845780298113823,160025.625,0.04895094782114029,165.855712890625
0.044176939874887466,105625.4453125,0.04120585322380066,124.20034790039062
0.04884171113371849,208350.625,0.055069055408239365,186.65911865234375
