loss,mape,val_loss,val_mape
0.10009948909282684,135878.125,0.041311103850603104,3353029.5
0.05951562523841858,263541.9375,0.04978100210428238,4032508.25
0.05647480860352516,365637.125,0.03828029707074165,3382594.25
0.05443461984395981,453100.75,0.03240308538079262,2808095.75
0.04270366206765175,539085.375,0.04890305921435356,1325535.625
0.046086385846138,485973.375,0.025842852890491486,1835219.625
