loss,mape,val_loss,val_mape
0.05283083766698837,377663.4375,0.02050723508000374,1573323.625
0.021018970757722855,185037.84375,0.013528458774089813,1141467.625
0.016134990379214287,138893.609375,0.012346718460321426,1356192.125
0.015383590012788773,144767.859375,0.01053277961909771,1316571.375
0.011582155711948872,104560.8125,0.00848750863224268,981035.9375
0.011355951428413391,148723.8125,0.007499554194509983,952315.8125
