loss,mape,val_loss,val_mape
0.05515259504318237,692300.125,0.0371650792658329,116.39949035644531
0.022164201363921165,302653.28125,0.030041299760341644,110.34147644042969
0.018049241974949837,184244.75,0.027746377512812614,73.31321716308594
0.01532240305095911,198307.40625,0.026041841134428978,61.14866638183594
0.012988574802875519,158896.203125,0.017508020624518394,78.60433197021484
0.011402460746467113,195776.140625,0.014204718172550201,74.5972671508789
