loss,mape,val_loss,val_mape
0.06817097216844559,1249752.0,0.040203675627708435,458.5484313964844
0.03454409912228584,885448.25,0.02005140855908394,266.482666015625
0.02171754650771618,542426.6875,0.016308017075061798,165.53680419921875
0.017232708632946014,383018.21875,0.015480795875191689,134.8289794921875
0.017316551879048347,345013.5625,0.01456979475915432,162.8201904296875
0.01478737872093916,430482.875,0.013012895360589027,124.14164733886719
