loss,mape,val_loss,val_mape
0.0661356970667839,1123471.5,0.03918001800775528,3084016.25
0.0307767391204834,564912.375,0.02407468669116497,1176733.5
0.020048033446073532,358923.8125,0.019465023651719093,916622.3125
0.01831565983593464,412147.53125,0.01752476766705513,859848.875
0.015759892761707306,317209.59375,0.016638189554214478,1350101.375
0.01528860628604889,349598.40625,0.013303023763000965,1132952.875
