loss,mape,val_loss,val_mape
0.04766536504030228,242364.1875,0.02084999531507492,100.56937408447266
0.019618742167949677,87834.359375,0.01892773248255253,75.11296081542969
0.015624819323420525,47910.95703125,0.015527996234595776,74.9085922241211
0.014642812311649323,56280.11328125,0.012928212061524391,76.93305969238281
0.012651235796511173,65493.015625,0.012056639418005943,55.70838928222656
0.011496619321405888,67596.9453125,0.009542154148221016,59.001468658447266
