loss,mape,val_loss,val_mape
0.050760868936777115,209266.890625,0.024469375610351562,143.7565155029297
0.020164795219898224,80645.0546875,0.015592840500175953,102.9179458618164
0.016707077622413635,53300.75,0.013215996325016022,105.99468231201172
0.013992024585604668,46589.23046875,0.011297618970274925,74.80067443847656
0.012485120445489883,74959.375,0.009469157084822655,81.04383087158203
0.00990449171513319,57968.203125,0.008052266202867031,81.49718475341797
