loss,mape,val_loss,val_mape
0.06424488872289658,705568.875,0.02574676088988781,279.3536376953125
0.021305495873093605,277483.9375,0.01589452661573887,162.5782928466797
0.017472319304943085,190046.796875,0.013752894476056099,110.74251556396484
0.015030376613140106,151132.453125,0.011935457587242126,130.2260284423828
0.013922899030148983,141469.484375,0.010703833773732185,142.91519165039062
0.012725038453936577,209972.015625,0.008265092968940735,108.7765121459961
