loss,mape,val_loss,val_mape
0.06314259022474289,736103.1875,0.031099919229745865,244.4442138671875
0.021183812990784645,232876.171875,0.02633786015212536,147.84864807128906
0.01632861979305744,174617.296875,0.023351367563009262,153.62338256835938
0.014705938287079334,202461.15625,0.020758211612701416,138.6140899658203
0.013819151557981968,178370.8125,0.01922960951924324,113.16960906982422
0.011222266592085361,149642.34375,0.015941781923174858,136.78904724121094
