loss,mape,val_loss,val_mape
0.0595710389316082,1899121.625,0.022539827972650528,2285005.25
0.02510426938533783,892649.6875,0.019774336367845535,1584487.875
0.01831369288265705,666736.5,0.013239524327218533,1356094.375
0.015477856621146202,606848.1875,0.013850209303200245,1250938.125
0.015463702380657196,624939.25,0.013460311107337475,1201487.5
0.013006281107664108,551970.25,0.006325514055788517,1067966.875
