loss,mape,val_loss,val_mape
0.04483741149306297,311.37701416015625,0.019457146525382996,1304565.5
0.024161024019122124,179.33740234375,0.027975747361779213,1491156.75
0.02073340117931366,163.937255859375,0.033039018511772156,864132.9375
0.014105130918323994,127.49824523925781,0.03392231464385986,819651.375
0.013977927155792713,124.03450775146484,0.014261134900152683,810522.875
0.01573675498366356,127.69947052001953,0.010675124824047089,824212.8125
