loss,mape,val_loss,val_mape
0.05527129024267197,392041.65625,0.03968818485736847,106.84993743896484
0.02304624766111374,185727.15625,0.019022438675165176,89.13563537597656
0.015591495670378208,136286.75,0.027688855305314064,80.99053192138672
0.016646739095449448,109978.953125,0.011258197017014027,77.60221862792969
0.012266947887837887,90950.5,0.015032216906547546,68.0405044555664
0.015329054556787014,134990.859375,0.008105765096843243,64.36322784423828
