loss,mape,val_loss,val_mape
0.05972150340676308,246038.359375,0.028320522978901863,76.6624755859375
0.024882012978196144,78274.578125,0.027392856776714325,56.55540466308594
0.01694420725107193,70193.78125,0.005322600249201059,40.86595916748047
0.02283398061990738,89186.65625,0.0059790462255477905,45.004554748535156
0.014752667397260666,82990.8203125,0.006788904312998056,40.24794006347656
0.014454352669417858,55241.51171875,0.006319732405245304,38.194637298583984
