loss,mape,val_loss,val_mape
0.06601221114397049,242798.203125,0.03829663619399071,368.36224365234375
0.026317713782191277,98641.4765625,0.023284530267119408,144.22415161132812
0.01815207116305828,54985.984375,0.019655542448163033,158.86947631835938
0.01571679674088955,51392.30078125,0.018525492399930954,185.97122192382812
0.013785461895167828,47918.140625,0.01638595201075077,147.83416748046875
0.012982415966689587,53408.1171875,0.01435138937085867,167.74618530273438
