loss,mape,val_loss,val_mape
0.06662040948867798,251105.40625,0.03785865008831024,356.26416015625
0.02587960660457611,114359.1484375,0.01663421466946602,164.93360900878906
0.01668643020093441,42731.43359375,0.01845659129321575,120.52625274658203
0.016699491068720818,46635.140625,0.011980568990111351,134.47190856933594
0.013630980625748634,64696.03515625,0.010690749622881413,135.70205688476562
0.012435819022357464,63703.09375,0.009383167140185833,118.45304107666016
