loss,mape,val_loss,val_mape
0.0703597366809845,5547485.5,0.030744820833206177,336.14495849609375
0.021042371168732643,1656232.375,0.020470576360821724,293.0624084472656
0.0175616517663002,1276318.5,0.017521968111395836,175.98048400878906
0.015383491292595863,1222255.5,0.013312962837517262,230.72531127929688
0.0120680071413517,1137584.75,0.011172603815793991,192.42881774902344
0.012071991339325905,1246467.125,0.00879818294197321,238.29693603515625
