loss,mape,val_loss,val_mape
0.07204025983810425,5531348.5,0.021509768441319466,3627944.25
0.02100471220910549,1693146.25,0.01585284247994423,1652196.0
0.015830492600798607,1112348.5,0.015510741621255875,1873803.375
0.015691829845309258,1139925.625,0.012194073759019375,1743268.125
0.012038369663059711,1156298.25,0.011917048133909702,1498230.75
0.011267195455729961,1212358.0,0.010598314926028252,1780608.375
