loss,mape,val_loss,val_mape
0.06371650099754333,1638085.0,0.020840659737586975,308.7108459472656
0.020548773929476738,497889.71875,0.01726956106722355,197.21714782714844
0.016702231019735336,424229.3125,0.016519231721758842,194.33921813964844
0.014460516162216663,437035.71875,0.013812584802508354,156.6490478515625
0.01324422936886549,449771.21875,0.010397188365459442,190.27206420898438
0.010948306880891323,396586.25,0.010371093638241291,201.0096893310547
