loss,mape,val_loss,val_mape
0.06384864449501038,1568885.125,0.025012528523802757,1719202.375
0.02070106379687786,478329.6875,0.017275316640734673,1175674.0
0.017945967614650726,392783.8125,0.017574463039636612,1355149.5
0.01472072210162878,393806.28125,0.011659800074994564,938782.25
0.011683272197842598,362700.34375,0.012883944436907768,866770.0625
0.011015059426426888,308614.5,0.008157787844538689,840745.4375
