loss,mape,val_loss,val_mape
0.09519285708665848,2082044.875,0.03292638808488846,3801813.75
0.039500363171100616,1928601.75,0.034195348620414734,3166317.5
0.04312380775809288,1905470.25,0.032221194356679916,3119746.75
0.04197205230593681,1564345.625,0.02963029220700264,4960637.0
0.04574832692742348,1350270.375,0.02579018473625183,3264077.5
0.03526102378964424,1595704.375,0.022273100912570953,3811566.0
