loss,mape,val_loss,val_mape
0.1109030470252037,942574.625,0.03759299963712692,351.4288330078125
0.048218198120594025,1480581.875,0.03719396889209747,282.85113525390625
0.05027317628264427,1580741.5,0.04469645395874977,197.28958129882812
0.044705577194690704,1410981.375,0.03394734114408493,214.64215087890625
0.04286463186144829,1206217.5,0.05847062170505524,106.45103454589844
0.044636812061071396,1147084.625,0.019976917654275894,232.0554656982422
