loss,mape,val_loss,val_mape
0.10778070241212845,776831.0625,0.04287577047944069,273.73248291015625
0.06828983128070831,386995.4375,0.047169335186481476,217.75909423828125
0.061025168746709824,687849.125,0.04619160667061806,193.56422424316406
0.05922229588031769,607881.1875,0.038670510053634644,192.02198791503906
0.055968254804611206,256605.8125,0.024390971288084984,268.0967102050781
0.043705277144908905,485616.09375,0.020377224311232567,263.6934814453125
