loss,mape,val_loss,val_mape
0.14720185101032257,1142026.5,0.07073720544576645,3231266.5
0.07730964571237564,1654977.0,0.08851694315671921,2094089.0
0.07193272560834885,1101738.5,0.05710496008396149,3318521.0
0.07310634106397629,1132182.625,0.05723422020673752,3918668.75
0.055052172392606735,1412155.25,0.05757683143019676,3920272.75
0.05908575654029846,1335513.125,0.03663071244955063,2923311.75
