loss,mape,val_loss,val_mape
0.0691411942243576,3997255.25,0.05407704785466194,920.83251953125
0.03704250976443291,2220774.25,0.028209678828716278,421.6840515136719
0.03134259581565857,1479899.5,0.02714322879910469,427.01470947265625
0.03057534620165825,1370631.75,0.02678094245493412,439.4688720703125
0.02699814923107624,1281807.25,0.024048922583460808,310.20831298828125
0.025268923491239548,1232725.75,0.022351911291480064,320.404296875
