loss,mape,val_loss,val_mape
0.073387511074543,4070195.25,0.053675632923841476,3011951.75
0.03760936111211777,1760427.25,0.037137966603040695,1195998.5
0.0304575078189373,1148164.125,0.03721059486269951,1082611.125
0.02976253442466259,1080571.0,0.02972307614982128,1569223.875
0.027159135788679123,1148425.25,0.030557900667190552,1261741.375
0.025773899629712105,1159903.625,0.02600896917283535,1321809.625
