loss,mape,val_loss,val_mape
0.09382689744234085,54329516.0,0.050195276737213135,27137384.0
0.04543844982981682,25571236.0,0.038044463843107224,9807046.0
0.039805907756090164,17904300.0,0.03344365581870079,16386710.0
0.036333486437797546,16275320.0,0.030648918822407722,9578733.0
0.03479226678609848,14816576.0,0.028775397688150406,10395579.0
0.03246244043111801,14306535.0,0.026703206822276115,12861924.0
