loss,mape,val_loss,val_mape
0.093909353017807,54553424.0,0.045175883919000626,36290056.0
0.04883405938744545,27569832.0,0.030125724151730537,22415958.0
0.03988635167479515,18809882.0,0.02425077185034752,16257400.0
0.03725026547908783,17031420.0,0.02281368523836136,8481309.0
0.03687845170497894,15515856.0,0.032320328056812286,21905562.0
0.03302464634180069,15559248.0,0.018457511439919472,9564478.0
