loss,mape,val_loss,val_mape
0.06692706793546677,429083.0625,0.04034023359417915,2106441.0
0.026932889595627785,129500.7734375,0.021716853603720665,1139077.625
0.025192763656377792,161346.921875,0.022537974640727043,830417.875
0.022619938477873802,93811.828125,0.019440745934844017,1039738.5625
0.021629029884934425,135763.375,0.018740620464086533,1511806.875
0.02000291272997856,125646.609375,0.017267869785428047,1245328.375
