loss,mape,val_loss,val_mape
0.06885389238595963,425124.65625,0.030646128579974174,2737591.75
0.028574636206030846,161677.1875,0.023312708362936974,856652.8125
0.02217181585729122,125637.2734375,0.019582126289606094,1235497.375
0.02273067831993103,126429.234375,0.01832764968276024,944024.5625
0.020312970504164696,131811.390625,0.017744364216923714,1248325.75
0.019973771646618843,155460.71875,0.01923619955778122,687607.4375
