loss,mape,val_loss,val_mape
0.1274302899837494,1010339.375,0.08064345270395279,4799073.5
0.07998084276914597,1013175.25,0.07100588083267212,4419484.0
0.07291588187217712,1022201.125,0.06480246037244797,4214053.5
0.06994432210922241,899073.9375,0.06273231655359268,4155400.25
0.06325676292181015,964599.5625,0.056108176708221436,3838952.0
0.051750145852565765,622128.1875,0.042891256511211395,3155139.75
