loss,mape,val_loss,val_mape
0.13157761096954346,70544.9921875,0.13166683912277222,118.63683319091797
0.07657450437545776,153692.25,0.05661112815141678,319.4598083496094
0.07133229821920395,161387.328125,0.05068351328372955,257.4420166015625
0.05216195434331894,173785.875,0.05791056528687477,383.8812255859375
0.05924127995967865,70133.671875,0.02555122971534729,217.31634521484375
0.04291943833231926,33903.37890625,0.031626489013433456,103.626708984375
