loss,mape,val_loss,val_mape
0.09768833965063095,580787.125,0.053970303386449814,327.46337890625
0.045142509043216705,1292757.25,0.08416508138179779,145.634521484375
0.047379020601511,1296774.875,0.049587883055210114,293.6075439453125
0.04814988747239113,1269985.25,0.044273924082517624,307.37841796875
0.04070352017879486,1061374.0,0.09152042120695114,94.48917388916016
0.047579433768987656,828439.875,0.06312049180269241,134.7547607421875
