loss,mape,val_loss,val_mape
0.1254376769065857,889714.875,0.09420150518417358,4498594.0
0.09393908828496933,2712190.25,0.06297670304775238,2425941.75
0.06203898787498474,2308735.25,0.0844898447394371,969518.3125
0.06517233699560165,2242485.5,0.0431763119995594,2307791.5
0.04786968231201172,1813015.25,0.03566788509488106,1432959.5
0.042888715863227844,1725060.875,0.05801008269190788,551175.3125
