loss,mape,val_loss,val_mape
0.15790919959545135,1785255.125,0.07207109034061432,3768238.25
0.0799098089337349,1850938.25,0.068996362388134,3753301.0
0.06944304704666138,1990710.25,0.06191004812717438,3585367.25
0.0712151750922203,1764048.25,0.07137760519981384,1364345.5
0.06037278473377228,1800847.25,0.035710759460926056,2025293.75
0.04989365115761757,1433801.75,0.02477887272834778,1705316.25
