loss,mape,val_loss,val_mape
0.0639350414276123,204648.375,0.040530648082494736,161.05038452148438
0.02497093193233013,106692.8828125,0.0319175086915493,123.08070373535156
0.020078575238585472,78546.34375,0.025578880682587624,91.56884002685547
0.01647007465362549,64624.671875,0.019578533247113228,74.3115463256836
0.0133208017796278,66328.359375,0.0154948141425848,76.72494506835938
0.010983251966536045,52680.59375,0.010329701006412506,81.01984405517578
