loss,mape,val_loss,val_mape
0.06349736452102661,247963.953125,0.027031101286411285,190.32191467285156
0.025048181414604187,90580.875,0.01922287978231907,102.7607650756836
0.019921360537409782,76544.015625,0.01683885045349598,97.20240783691406
0.016853464767336845,62283.98046875,0.013660580851137638,78.60173034667969
0.013147304765880108,68199.6015625,0.010445105843245983,74.0094985961914
0.011758136563003063,61785.30859375,0.00870678573846817,71.96951293945312
