loss,mape,val_loss,val_mape
0.08034354448318481,5010477.5,0.03579724580049515,2575260.75
0.030709201470017433,2322793.75,0.019759556278586388,1458562.375
0.021808771416544914,1411723.0,0.015814147889614105,1024636.5
0.01998457871377468,1403584.0,0.014596125110983849,802763.375
0.017429165542125702,1254103.0,0.016412947326898575,1413035.625
0.014851247891783714,1136126.125,0.01154115330427885,651847.8125
