loss,mape,val_loss,val_mape
0.08116987347602844,5250036.5,0.04622998088598251,2333521.5
0.03121165744960308,2363428.5,0.03175938501954079,758906.75
0.022166596725583076,1318043.875,0.026901043951511383,882163.875
0.02000160701572895,1301464.625,0.02411980926990509,895521.875
0.017531313002109528,1196083.5,0.021535610780119896,952388.5
0.015811562538146973,1177032.875,0.019469212740659714,784496.3125
