loss,mape,val_loss,val_mape
0.05926629528403282,159580.84375,0.024695996195077896,143.44760131835938
0.022232478484511375,100930.7578125,0.02273806743323803,100.13262176513672
0.01785028725862503,83410.2109375,0.019049834460020065,97.65750885009766
0.015037158504128456,61198.51171875,0.018442204222083092,64.60289001464844
0.012173292227089405,48243.87890625,0.012788582593202591,71.59871673583984
0.010019505396485329,59772.4375,0.010093155317008495,87.65316772460938
