loss,mape,val_loss,val_mape
0.0598175972700119,186721.515625,0.025758108124136925,188.13360595703125
0.022043989971280098,81262.5234375,0.01724265143275261,131.35731506347656
0.018290594220161438,65350.83984375,0.015843994915485382,106.70671844482422
0.015001594088971615,59685.83984375,0.012538424693048,100.08311462402344
0.012869189493358135,42604.11328125,0.009908724576234818,94.60152435302734
0.010264596901834011,64246.87890625,0.008521498180925846,80.30720520019531
