loss,mape,val_loss,val_mape
0.05737019330263138,7227752.5,0.02482794038951397,1536335.5
0.02315378561615944,4013762.75,0.016694964841008186,939983.3125
0.020436396822333336,3430390.75,0.01857641339302063,756677.875
0.016903802752494812,3035902.25,0.019474640488624573,648771.9375
0.015751861035823822,2905050.5,0.007345103193074465,606836.75
0.01514967530965805,2743788.25,0.008467829786241055,798184.625
