loss,mape,val_loss,val_mape
0.050573524087667465,1262236.375,0.057555414736270905,1680164.0
0.0265861414372921,711503.9375,0.018874188885092735,1850924.25
0.021007444709539413,672401.625,0.010261010378599167,1602420.625
0.015566442161798477,485840.3125,0.007861771620810032,1417180.375
0.014341332949697971,446064.59375,0.00660165399312973,1261045.875
0.011568216606974602,393705.0625,0.008870115503668785,1365316.0
