loss,mape,val_loss,val_mape
0.07623563706874847,3528643.75,0.055980488657951355,2890911.75
0.03544623404741287,1751772.125,0.021525217220187187,1569568.125
0.02503056824207306,1412582.5,0.017944756895303726,1277069.5
0.024138586595654488,1300434.125,0.014309994876384735,977883.8125
0.019708221778273582,1104909.875,0.014015044085681438,984398.5
0.015810539945960045,1144714.375,0.016832968220114708,939409.375
