loss,mape,val_loss,val_mape
0.05184656381607056,1231736.75,0.015939246863126755,262.1466064453125
0.028073875233530998,606565.125,0.011861824430525303,171.0695343017578
0.01939971186220646,511596.21875,0.01017290074378252,154.08349609375
0.017994239926338196,462155.0,0.011956394650042057,152.3287353515625
0.01268203929066658,454314.3125,0.012363320216536522,134.9963836669922
0.016392003744840622,510127.125,0.008775939233601093,127.24226379394531
