loss,mape,val_loss,val_mape
0.049512434750795364,282833.40625,0.02523682825267315,118.23930358886719
0.019513515755534172,207670.515625,0.023041479289531708,67.8946304321289
0.015766648575663567,131984.34375,0.01866498962044716,75.00599670410156
0.014121538028120995,137756.828125,0.016248930245637894,72.5505599975586
0.011373188346624374,105440.53125,0.0157737135887146,57.771244049072266
0.010334912687540054,112519.3671875,0.011157534085214138,54.81949996948242
