loss,mape,val_loss,val_mape
0.04720578342676163,393362.21875,0.017104938626289368,88.62203979492188
0.019917871803045273,172592.171875,0.013303849846124649,76.36905670166016
0.015479780733585358,122626.5234375,0.011651254259049892,60.75851821899414
0.014808336272835732,125585.234375,0.010279566049575806,65.1688003540039
0.01149405725300312,126927.7109375,0.012213582172989845,46.5658073425293
0.01012949924916029,124119.0546875,0.008157799020409584,43.89734649658203
