loss,mape,val_loss,val_mape
0.06869339197874069,960047.375,0.036526426672935486,472.75537109375
0.030869657173752785,433965.625,0.019695919007062912,234.7936248779297
0.02269754372537136,324592.71875,0.017409732565283775,208.95401000976562
0.019722312688827515,242059.5625,0.015854857861995697,221.5758056640625
0.01689409837126732,249993.78125,0.014842966571450233,223.32594299316406
0.015099413692951202,198812.953125,0.010061063803732395,158.6265106201172
