loss,mape,val_loss,val_mape
0.07042217254638672,863784.4375,0.03816109895706177,396.4890441894531
0.029945988208055496,481486.5625,0.019150568172335625,239.50057983398438
0.021068263798952103,311211.15625,0.015045820735394955,170.06329345703125
0.017826804891228676,253529.59375,0.012854069471359253,136.72824096679688
0.01620226725935936,206857.3125,0.01060908380895853,164.07594299316406
0.01318614836782217,220457.671875,0.008314014412462711,142.65171813964844
