loss,mape,val_loss,val_mape
0.052435502409935,872287.6875,0.023229975253343582,181.98162841796875
0.021983472630381584,367249.375,0.01904161460697651,129.53884887695312
0.01846660114824772,307024.875,0.01666891761124134,89.7178955078125
0.016128601506352425,264644.03125,0.014196114614605904,106.05554962158203
0.014679530635476112,243617.375,0.013735378161072731,99.15650939941406
0.012157261371612549,277345.09375,0.011460766196250916,89.14713287353516
