loss,mape,val_loss,val_mape
0.05210878700017929,898617.9375,0.02501070871949196,162.03305053710938
0.02101759798824787,348091.09375,0.018940109759569168,94.27290344238281
0.016384568065404892,264455.53125,0.018548503518104553,83.24993896484375
0.014712926931679249,297504.40625,0.013764222152531147,84.97134399414062
0.012846214696764946,267879.34375,0.011347360908985138,84.90559387207031
0.011389448307454586,224518.421875,0.010693552903831005,74.21002197265625
