loss,mape,val_loss,val_mape
0.06934519857168198,203825.96875,0.042859431356191635,130.1586151123047
0.037239089608192444,155291.609375,0.021056944504380226,94.84603118896484
0.022638896480202675,120196.7421875,0.01774437725543976,85.45510864257812
0.018580995500087738,69405.15625,0.01614581234753132,54.586334228515625
0.01720840483903885,128438.46875,0.0165933296084404,40.4045295715332
0.015645699575543404,56188.515625,0.012525223195552826,52.17687225341797
