loss,mape,val_loss,val_mape
0.06898821890354156,261475.0625,0.042549923062324524,167.48333740234375
0.03775182366371155,160415.765625,0.02315729297697544,129.53785705566406
0.020509716123342514,134722.015625,0.012745326384902,51.694854736328125
0.020258650183677673,79916.734375,0.01429634541273117,84.924072265625
0.016354767605662346,101827.1875,0.010979026556015015,45.62956237792969
0.014738574624061584,108871.6875,0.0116850221529603,71.7213134765625
