loss,mape,val_loss,val_mape
0.04424840584397316,588826.625,0.039798494428396225,1207620.625
0.03032860904932022,277498.125,0.014272735454142094,1381635.375
0.023860333487391472,289085.53125,0.013170929625630379,1287367.5
0.020947687327861786,207569.84375,0.012280897237360477,1172239.0
0.019451485946774483,246343.796875,0.014011110179126263,1120215.375
0.019074976444244385,139546.640625,0.011564436368644238,1112878.625
