loss,mape,val_loss,val_mape
0.0381547249853611,123187.921875,0.022595588117837906,373.7875671386719
0.021842800080776215,120281.953125,0.020743628963828087,197.01217651367188
0.01713186874985695,85753.421875,0.012522664852440357,206.15240478515625
0.013011351227760315,55311.87109375,0.028076261281967163,145.813720703125
0.015402860939502716,53773.6171875,0.009634827263653278,200.40415954589844
0.014174156822264194,39899.328125,0.009974238462746143,185.5074005126953
