loss,mape,val_loss,val_mape
0.051185064017772675,268.4897766113281,0.02565639279782772,2620271.5
0.027378065511584282,181.80087280273438,0.01635146513581276,1779798.75
0.021390732377767563,144.30557250976562,0.019125770777463913,1697574.125
0.02190481312572956,136.5350341796875,0.013890430331230164,1525001.625
0.014764506369829178,117.2011947631836,0.019894002005457878,1426460.0
0.017642570659518242,117.59365844726562,0.01140473410487175,1143145.125
