loss,mape,val_loss,val_mape
0.07181493937969208,7483932.5,0.04665638133883476,2649345.5
0.02763795666396618,3243930.25,0.024990785866975784,1167495.5
0.020226605236530304,2080240.5,0.021044733002781868,1207122.625
0.01785055361688137,2025111.25,0.021061623468995094,747590.5625
0.015817688778042793,1790240.0,0.017201945185661316,848571.3125
0.014429445378482342,1767041.125,0.01457484532147646,954924.125
