loss,mape,val_loss,val_mape
0.07281451672315598,7524282.5,0.03977024555206299,2503923.5
0.029100198298692703,3580676.75,0.021463103592395782,1801430.0
0.021263958886265755,2471511.0,0.013163805939257145,1277493.25
0.018727056682109833,1897894.375,0.009490367025136948,977660.1875
0.01625717803835869,1745728.25,0.009588081389665604,1177895.75
0.014294221065938473,1769652.0,0.005913081578910351,888410.1875
