loss,mape,val_loss,val_mape
0.0597878061234951,371167.8125,0.02539743296802044,291.7168273925781
0.023480795323848724,203790.125,0.013898133300244808,142.0396728515625
0.01655689999461174,122689.546875,0.011006684973835945,174.75186157226562
0.01436191238462925,120075.5390625,0.014623155817389488,102.80535125732422
0.014282435178756714,128185.1875,0.008348909206688404,127.22566223144531
0.011869982816278934,144605.484375,0.008258882910013199,148.1691131591797
