loss,mape,val_loss,val_mape
0.06296596676111221,426543.75,0.03158249706029892,375.6404724121094
0.024156898260116577,150773.25,0.018979912623763084,199.02247619628906
0.0183954406529665,126508.734375,0.018312327563762665,224.8634796142578
0.016337955370545387,121056.2890625,0.016303781419992447,205.5587158203125
0.013410743325948715,113701.1953125,0.015661336481571198,185.9530029296875
0.011953911744058132,89535.78125,0.014183004386723042,156.19224548339844
