loss,mape,val_loss,val_mape
0.07487703114748001,1061516.25,0.046520333737134933,437.45281982421875
0.0242108553647995,467046.65625,0.015919189900159836,160.07345581054688
0.016593795269727707,251261.296875,0.013666360639035702,156.2130889892578
0.014940704219043255,275763.59375,0.012028800323605537,140.76502990722656
0.01178541500121355,264339.90625,0.009865066036581993,154.72250366210938
0.010924468748271465,248426.25,0.008082034066319466,130.61672973632812
