loss,mape,val_loss,val_mape
0.06745165586471558,1043043.0625,0.026112742722034454,397.85601806640625
0.02121513895690441,314943.03125,0.01690918579697609,236.49522399902344
0.016075441613793373,286501.4375,0.014036465436220169,155.7137451171875
0.015556443482637405,226342.9375,0.012681079097092152,190.2169189453125
0.012776343151926994,244856.109375,0.012588690966367722,200.108642578125
0.010896392166614532,225628.078125,0.009170826524496078,160.1922607421875
