loss,mape,val_loss,val_mape
0.09991942346096039,137665152.0,0.026874633505940437,41240960.0
0.025706177577376366,45264800.0,0.023971259593963623,38485692.0
0.02319980226457119,42237740.0,0.021550636738538742,32010914.0
0.02112150751054287,38493080.0,0.019698698073625565,38601488.0
0.019144801422953606,35172292.0,0.021035579964518547,39520488.0
0.018419727683067322,31681038.0,0.018999308347702026,25393482.0
