loss,mape,val_loss,val_mape
0.11513085663318634,146833776.0,0.026768120005726814,54865176.0
0.024537084624171257,48032704.0,0.023516256362199783,37568500.0
0.02144191414117813,41066276.0,0.022184744477272034,43993860.0
0.019958822056651115,37749636.0,0.0249220822006464,49039320.0
0.019457317888736725,34134216.0,0.02121817320585251,24929802.0
0.017963360995054245,30533722.0,0.023528382182121277,16049277.0
