loss,mape,val_loss,val_mape
0.06083131581544876,480968.84375,0.035627152770757675,196.7813720703125
0.023140665143728256,199079.65625,0.02248399890959263,95.73118591308594
0.018307030200958252,120002.515625,0.01813763938844204,98.2832260131836
0.015194328501820564,147898.640625,0.01453549787402153,93.5264663696289
0.014170372858643532,124103.1328125,0.011692293919622898,97.3034439086914
0.010953506454825401,132858.234375,0.011930634267628193,88.05902862548828
