loss,mape,val_loss,val_mape
0.06626003980636597,439584.15625,0.03688429668545723,251.03057861328125
0.03042934648692608,319823.375,0.018767371773719788,134.5145263671875
0.021130872890353203,193137.65625,0.01606527715921402,107.2255630493164
0.018797283992171288,119755.9375,0.015619790181517601,77.53026580810547
0.01597793959081173,174246.203125,0.015612727031111717,113.92660522460938
0.015062750317156315,138440.109375,0.011052188463509083,88.31941223144531
