loss,mape,val_loss,val_mape
0.06806016713380814,911425.8125,0.031140126287937164,213.69711303710938
0.023440346121788025,412790.53125,0.016169583424925804,107.91455841064453
0.015710756182670593,264727.9375,0.014713234268128872,93.8214111328125
0.014964872971177101,213770.140625,0.013703683391213417,112.70869445800781
0.013496492058038712,246970.421875,0.012461915612220764,76.68388366699219
0.011410050094127655,166428.375,0.009933387860655785,85.58688354492188
