loss,mape,val_loss,val_mape
0.06635352969169617,843998.0625,0.025897273793816566,237.7432098388672
0.020722225308418274,302964.875,0.014662954024970531,127.1108169555664
0.01581057533621788,244889.15625,0.013520297594368458,132.35060119628906
0.013750968500971794,229569.046875,0.011834481731057167,94.27629089355469
0.012418891303241253,251512.046875,0.011069031432271004,66.73761749267578
0.01081550307571888,196906.734375,0.010468319058418274,85.66139221191406
