loss,mape,val_loss,val_mape
0.05034388229250908,383144.9375,0.022230464965105057,99.30823516845703
0.017064964398741722,168028.78125,0.018740257248282433,74.72565460205078
0.013446671888232231,141906.625,0.016447793692350388,62.03984451293945
0.012222005054354668,185658.03125,0.014601976610720158,55.583892822265625
0.010311111807823181,188910.328125,0.012351586483418941,65.28558349609375
0.009042790159583092,166904.5625,0.0126576479524374,60.00845718383789
