loss,mape,val_loss,val_mape
0.05070098116993904,255237.015625,0.01875346340239048,1996082.375
0.017906710505485535,92811.4921875,0.01579565554857254,1420193.625
0.014784489758312702,90816.515625,0.012891978025436401,1691806.25
0.012849781662225723,65248.21484375,0.012784069404006004,1917127.0
0.011686858721077442,83815.265625,0.009632464498281479,1575387.75
0.00885163713246584,71815.4296875,0.007839509285986423,1561506.0
