loss,mape,val_loss,val_mape
0.10878834873437881,40227.5390625,0.04156215488910675,183.47314453125
0.05394163727760315,143948.40625,0.040837258100509644,173.6307373046875
0.05458422377705574,129400.65625,0.04960828274488449,139.59527587890625
0.04712577164173126,201088.859375,0.03409746289253235,174.98410034179688
0.04695786535739899,36885.90625,0.030870020389556885,180.6934814453125
0.04053422063589096,146806.25,0.026947610080242157,167.4429168701172
