loss,mape,val_loss,val_mape
0.07821701467037201,111936.875,0.036048319190740585,2006226.25
0.05364847183227539,838012.1875,0.03523339703679085,1889356.375
0.041077934205532074,1204238.75,0.0340595543384552,2454397.5
0.043345630168914795,1069614.875,0.03648193180561066,1274026.25
0.039649300277233124,924621.125,0.029736913740634918,1381191.25
0.03381031006574631,1012521.375,0.05113808065652847,455846.8125
