loss,mape,val_loss,val_mape
0.08784493058919907,92318.15625,0.031784601509571075,465.15252685546875
0.04188604652881622,115764.1875,0.042352497577667236,260.1196594238281
0.04430394992232323,112344.71875,0.03268846869468689,629.0076904296875
0.04268298298120499,245546.0,0.02793603576719761,541.1207275390625
0.03839484974741936,118797.453125,0.02498556114733219,383.5566101074219
0.044821687042713165,113452.9921875,0.02577933296561241,294.68218994140625
