loss,mape,val_loss,val_mape
0.11865759640932083,250039.8125,0.09790826588869095,487.02227783203125
0.08102666586637497,195705.609375,0.05578194558620453,241.5557098388672
0.059212539345026016,323448.0,0.04731020703911781,297.34478759765625
0.06285221874713898,386688.90625,0.043779198080301285,294.73736572265625
0.05107377842068672,227720.234375,0.03371056169271469,245.675048828125
0.046052247285842896,219941.03125,0.027863502502441406,223.00057983398438
