loss,mape,val_loss,val_mape
0.08140608668327332,19567864.0,0.05121815204620361,6139385.0
0.04144057631492615,26867106.0,0.028637897223234177,26904616.0
0.036502934992313385,33131088.0,0.0280852522701025,32855988.0
0.04054924100637436,28342956.0,0.03023545816540718,19236800.0
0.03542377054691315,29619818.0,0.033247314393520355,14172283.0
0.043973106890916824,23570790.0,0.026066161692142487,19562286.0
