loss,mape,val_loss,val_mape
0.15530231595039368,1324564.75,0.08326343446969986,591.0377807617188
0.08541233837604523,751978.0,0.10323666781187057,392.6883239746094
0.07602491229772568,590961.75,0.07207368314266205,444.9180603027344
0.0749964565038681,603594.625,0.09903869777917862,254.14308166503906
0.05996571108698845,459338.40625,0.067509725689888,249.24725341796875
0.05865424871444702,274848.6875,0.05707452818751335,211.0428924560547
