loss,mape,val_loss,val_mape
0.11036782711744308,6177.3642578125,0.08360984176397324,112.60332489013672
0.058920618146657944,26797.755859375,0.0363527350127697,311.41546630859375
0.048945795744657516,73635.921875,0.03411174193024635,299.1185302734375
0.04877440258860588,94187.015625,0.03677334263920784,320.833984375
0.04095792397856712,212901.046875,0.038558561354875565,326.6944580078125
0.04401939734816551,129772.171875,0.025923127308487892,245.92404174804688
