loss,mape,val_loss,val_mape
0.1298452913761139,38822.4375,0.08267617225646973,428.71826171875
0.0763288214802742,498952.28125,0.11258266121149063,113.6473388671875
0.05959277227520943,562563.6875,0.040239088237285614,201.19613647460938
0.06880512088537216,471740.5,0.03729192912578583,263.4796142578125
0.05108548328280449,516543.4375,0.029628392308950424,221.94464111328125
0.04113348200917244,270684.34375,0.02678072080016136,199.38119506835938
