loss,mape,val_loss,val_mape
0.13489945232868195,84420.7421875,0.055262140929698944,245.43995666503906
0.06741585582494736,408620.0625,0.06496234238147736,305.5269470214844
0.06258870661258698,224457.53125,0.050373200327157974,256.43731689453125
0.05571039766073227,218568.90625,0.04038934037089348,218.04571533203125
0.05519723892211914,209716.5,0.049721818417310715,264.48553466796875
0.0420151986181736,425574.78125,0.04595523700118065,247.46730041503906
