loss,mape,val_loss,val_mape
0.12003958225250244,205833.78125,0.06147373467683792,676.0724487304688
0.07589294761419296,506314.90625,0.061586927622556686,714.1849975585938
0.06676819175481796,418333.6875,0.07165587693452835,800.7111206054688
0.06316480040550232,369077.8125,0.061249468475580215,727.73876953125
0.06203345209360123,273272.34375,0.037998296320438385,501.8138122558594
0.0509105809032917,400878.8125,0.03802362456917763,527.0835571289062
