loss,mape,val_loss,val_mape
0.08961432427167892,134371.03125,0.04656238853931427,302.2836608886719
0.04993243142962456,811686.3125,0.059603385627269745,195.38909912109375
0.0486268550157547,570807.375,0.04674190282821655,565.563720703125
0.04587947577238083,558087.0,0.0341513566672802,398.4412536621094
0.04141877219080925,744417.875,0.03179871663451195,301.2395324707031
0.040542762726545334,582001.375,0.027446147054433823,384.3703308105469
