loss,mape,val_loss,val_mape
0.14707933366298676,259438.359375,0.0753512755036354,202.2598876953125
0.07837609946727753,158396.421875,0.06980976462364197,199.76516723632812
0.07616131007671356,255158.203125,0.0680922120809555,181.77125549316406
0.0666801929473877,242471.1875,0.07109197974205017,144.7483673095703
0.06333458423614502,240677.34375,0.06612551212310791,121.49078369140625
0.05614612251520157,185861.953125,0.041464272886514664,122.68352508544922
