loss,mape,val_loss,val_mape
0.12905161082744598,485395.625,0.061666738241910934,707.946533203125
0.06721223145723343,485774.8125,0.06684223562479019,789.56982421875
0.067772276699543,457329.53125,0.05021005496382713,605.3748168945312
0.05952693521976471,255072.578125,0.04614848271012306,610.4427490234375
0.052637651562690735,545037.5625,0.03729606792330742,519.2940673828125
0.04780425876379013,409243.03125,0.042843274772167206,564.4119873046875
