loss,mape,val_loss,val_mape
0.07218088209629059,515751.78125,0.02506997622549534,341.1070251464844
0.03174281865358353,437019.90625,0.01724192127585411,199.732421875
0.021657656878232956,265768.21875,0.010740015655755997,170.02572631835938
0.017772268503904343,269989.71875,0.012744098901748657,168.41563415527344
0.015358892269432545,234398.21875,0.011823346838355064,144.0755157470703
0.01418938860297203,238316.34375,0.00596361979842186,134.27908325195312
