loss,mape,val_loss,val_mape
0.053618282079696655,388702.15625,0.01732698827981949,306.2174072265625
0.02167358435690403,168941.046875,0.017315182834863663,219.65826416015625
0.01679977774620056,189102.328125,0.011611152440309525,201.0020294189453
0.01477736048400402,134087.53125,0.011099126189947128,176.54371643066406
0.013798151165246964,125182.9296875,0.007161993999034166,166.17066955566406
0.012568430043756962,103774.3046875,0.006435292772948742,155.77235412597656
