loss,mape,val_loss,val_mape
0.06781865656375885,455259.71875,0.07052937150001526,409.5555725097656
0.035545725375413895,352064.1875,0.04414384067058563,281.33782958984375
0.0233727116137743,187316.671875,0.01977946050465107,170.35418701171875
0.022289162501692772,175046.1875,0.010516325011849403,146.78028869628906
0.01670037768781185,152372.484375,0.01800055243074894,160.18312072753906
0.016622373834252357,169552.890625,0.01031775027513504,139.32611083984375
