loss,mape,val_loss,val_mape
0.06297902017831802,122556.46875,0.025388285517692566,215.92495727539062
0.026615647599101067,83447.21875,0.0194295234978199,152.74166870117188
0.023070694878697395,64393.734375,0.013404934667050838,124.63079071044922
0.01936749741435051,66268.9921875,0.017283180728554726,128.9645233154297
0.016152353957295418,65950.203125,0.01512239221483469,128.67543029785156
0.011564460583031178,86566.7578125,0.017963962629437447,118.6829833984375
