loss,mape,val_loss,val_mape
0.06061132252216339,455.752197265625,0.026396555826067924,2498776.75
0.02369600348174572,198.9577178955078,0.016936084255576134,1259248.875
0.018854446709156036,147.50445556640625,0.01501444447785616,1169371.75
0.016218189150094986,134.3221435546875,0.013125887140631676,1123759.875
0.013379684649407864,123.93296813964844,0.015997154638171196,1532935.0
0.011614486575126648,125.07333374023438,0.009478822350502014,1070758.375
