loss,mape,val_loss,val_mape
0.059561267495155334,241904.484375,0.02217910625040531,152.5263214111328
0.023253533989191055,132789.65625,0.01457063015550375,88.1495361328125
0.017008062452077866,89806.6015625,0.012454678304493427,86.4275894165039
0.016149204224348068,35114.203125,0.011166359297931194,71.69242858886719
0.012434468604624271,74777.8125,0.009840545244514942,77.36031341552734
0.011955276131629944,48847.57421875,0.008553308434784412,67.40918731689453
