loss,mape,val_loss,val_mape
0.06474073231220245,450030.75,0.04738154634833336,458.23883056640625
0.03126967325806618,245900.71875,0.03187573328614235,321.48358154296875
0.021798670291900635,143618.03125,0.020279770717024803,193.78500366210938
0.019411126151680946,131068.3828125,0.01896434836089611,209.04490661621094
0.017288977280259132,137999.171875,0.017734892666339874,209.165283203125
0.015829510986804962,135122.78125,0.013867023400962353,123.31686401367188
