loss,mape,val_loss,val_mape
0.06591551005840302,514560.40625,0.04655320569872856,243.86219787597656
0.02949775569140911,170521.890625,0.03180989623069763,100.07545471191406
0.01959802396595478,129136.75,0.027005061507225037,90.41622161865234
0.018401257693767548,148510.328125,0.02436581254005432,86.1172103881836
0.015573445707559586,153044.15625,0.02411223016679287,72.1097412109375
0.01412841398268938,99562.8984375,0.01669645868241787,87.28352355957031
