loss,mape,val_loss,val_mape
0.055398471653461456,324601.46875,0.020321110263466835,173.21127319335938
0.018357498571276665,170685.59375,0.01442686002701521,106.43467712402344
0.01423622202128172,133785.609375,0.012169379740953445,90.82353973388672
0.01342360395938158,110916.859375,0.011250859126448631,99.06297302246094
0.011165032163262367,102761.6171875,0.009189119562506676,78.33470916748047
0.010249567218124866,117706.59375,0.008600231260061264,108.86260223388672
