loss,mape,val_loss,val_mape
0.058783289045095444,235913.265625,0.027626365423202515,2499265.75
0.018682781606912613,87293.8125,0.02055206149816513,1152386.75
0.016142386943101883,71415.46875,0.015620040707290173,1145337.625
0.013259142637252808,63265.00390625,0.012646809220314026,1023314.125
0.011942826211452484,49639.140625,0.012050125747919083,1150958.125
0.009828204289078712,45820.5078125,0.008950631134212017,710809.75
