loss,mape,val_loss,val_mape
0.06384707242250443,1039789.75,0.029516786336898804,261.11175537109375
0.022289713844656944,409091.96875,0.01691756583750248,110.1473388671875
0.01660441793501377,303457.03125,0.015132546424865723,113.9151840209961
0.015000679530203342,277802.09375,0.013743924908339977,97.50521087646484
0.013205411843955517,269594.59375,0.012215199880301952,100.59522247314453
0.011654865927994251,265862.84375,0.013966905884444714,74.63568115234375
