loss,mape,val_loss,val_mape
0.0691903680562973,1139754.125,0.03289543837308884,277.0909729003906
0.02608310803771019,630170.25,0.012100590392947197,110.9140853881836
0.017127368599176407,287428.4375,0.010637401603162289,105.40856170654297
0.016043204814195633,296852.71875,0.009934453293681145,100.63795471191406
0.013108326122164726,255505.609375,0.00893045961856842,83.08170318603516
0.013090737164020538,252956.25,0.008050601929426193,80.7308349609375
