loss,mape,val_loss,val_mape
0.044822707772254944,190496.375,0.026452433317899704,102.12615203857422
0.021958667784929276,95141.484375,0.021038101986050606,63.99763488769531
0.018967879936099052,80771.671875,0.016992652788758278,66.92327117919922
0.014920108951628208,68468.4140625,0.013938143849372864,56.96963882446289
0.014540352858603,64509.3828125,0.01342889852821827,55.420135498046875
0.010742061771452427,79628.2265625,0.012306233868002892,50.66838073730469
