loss,mape,val_loss,val_mape
0.04261532425880432,161465.71875,0.03201209381222725,94.1676025390625
0.022208910435438156,106711.953125,0.024036943912506104,79.38886260986328
0.01815834455192089,88959.53125,0.0199449323117733,72.56005096435547
0.016047770157456398,79402.140625,0.01745988056063652,74.01299285888672
0.013943575322628021,62218.8828125,0.015798063948750496,54.79072189331055
0.01209613773971796,66568.1015625,0.013860674574971199,66.52948760986328
