loss,mape,val_loss,val_mape
0.062389250844717026,708504.8125,0.0303970780223608,266.3963928222656
0.02437920682132244,290788.6875,0.022093182429671288,135.71485900878906
0.01943822205066681,223535.15625,0.019743280485272408,120.44910430908203
0.016107765957713127,189490.25,0.017870595678687096,141.63131713867188
0.015000167302787304,198357.53125,0.017194252461194992,84.4332046508789
0.013571470975875854,178352.984375,0.012898088432848454,98.87958526611328
