loss,mape,val_loss,val_mape
0.06227162480354309,731222.3125,0.03389003500342369,327.89788818359375
0.02651442587375641,374398.28125,0.02051348052918911,165.25631713867188
0.019835904240608215,223021.09375,0.018800731748342514,173.26528930664062
0.0178651325404644,191191.421875,0.017690273001790047,176.63389587402344
0.015299124643206596,213675.21875,0.01615886576473713,107.44336700439453
0.014915235340595245,172263.109375,0.015519379638135433,107.99264526367188
