loss,mape,val_loss,val_mape
0.06636609137058258,465495.90625,0.032362084835767746,299.8515625
0.03143644332885742,301341.875,0.012254245579242706,143.31541442871094
0.020571699365973473,188118.265625,0.011074555106461048,117.1174087524414
0.017071962356567383,136839.15625,0.010657716542482376,81.20836639404297
0.014683022163808346,108959.78125,0.00910109467804432,89.20376586914062
0.013601529411971569,91485.4921875,0.008689573965966702,75.00422668457031
