loss,mape,val_loss,val_mape
0.06618992239236832,505943.90625,0.04033593833446503,314.7822265625
0.031459562480449677,252640.015625,0.020075835287570953,151.0233917236328
0.02027255669236183,152585.78125,0.017041509971022606,103.39021301269531
0.017191877588629723,140962.4375,0.014843150973320007,114.83373260498047
0.01567000523209572,147187.703125,0.014412503689527512,98.63119506835938
0.014194722287356853,115688.59375,0.012995864264667034,120.0502700805664
