loss,mape,val_loss,val_mape
0.05085727944970131,180378.421875,0.024894719943404198,4942024.0
0.025375433266162872,82159.0859375,0.020896190777420998,3616927.0
0.020783260464668274,83366.8515625,0.01809689588844776,3012876.25
0.018188493326306343,69592.1796875,0.015051497146487236,2912959.0
0.0152425616979599,68782.046875,0.014237979426980019,3330799.25
0.013404784724116325,90468.671875,0.011591024696826935,2919455.75
