loss,mape,val_loss,val_mape
0.052686139941215515,636638.125,0.026370881125330925,166.99729919433594
0.025783369317650795,345443.25,0.017333796247839928,107.02630615234375
0.02157299965620041,286902.0,0.014534001238644123,112.60984802246094
0.01859166845679283,265430.6875,0.013299000449478626,104.3116455078125
0.01626644656062126,215875.15625,0.012359472922980785,76.29102325439453
0.014796437695622444,275130.71875,0.008961326442658901,75.1923599243164
