loss,mape,val_loss,val_mape
0.04918009787797928,190779.484375,0.030735818669199944,112.2341537475586
0.02113168127834797,166308.34375,0.01889036037027836,53.2830924987793
0.015211828052997589,102706.796875,0.011461262591183186,55.335853576660156
0.014148913323879242,55476.34375,0.0143052963539958,50.761016845703125
0.01440972089767456,85788.0546875,0.010392786003649235,56.27656936645508
0.012816974893212318,77340.3515625,0.009435045532882214,54.34391784667969
