loss,mape,val_loss,val_mape
0.04637503996491432,243488.5625,0.026246212422847748,94.43192291259766
0.018679045140743256,100443.078125,0.019041385501623154,69.46025085449219
0.01543403696268797,59739.04296875,0.019489562138915062,74.8169174194336
0.013758933171629906,60783.8125,0.016342947259545326,62.645729064941406
0.012731140479445457,46941.0703125,0.01703645847737789,68.81847381591797
0.011709903366863728,43727.890625,0.014488857239484787,55.53066635131836
