loss,mape,val_loss,val_mape
0.060388416051864624,855453.75,0.027785537764430046,189.66868591308594
0.022336116060614586,480269.96875,0.01603632979094982,79.55813598632812
0.01655603013932705,270621.4375,0.015827380120754242,63.1989860534668
0.014249786734580994,214986.84375,0.014111083000898361,74.07654571533203
0.014059553854167461,266411.59375,0.012812502682209015,65.93803405761719
0.01251916866749525,190626.71875,0.011374689638614655,77.13137817382812
