loss,mape,val_loss,val_mape
0.05718367546796799,918391.5,0.02471666969358921,156.79049682617188
0.020539455115795135,331770.5,0.01364029012620449,107.65086364746094
0.01531278621405363,242007.015625,0.012373505160212517,100.8198471069336
0.0144727798178792,289199.125,0.016656534746289253,129.498779296875
0.013972476124763489,303517.4375,0.009654901921749115,65.27506256103516
0.012071439065039158,219000.46875,0.011158611625432968,63.08494186401367
