loss,mape,val_loss,val_mape
0.053151942789554596,1120963.75,0.023197289556264877,396.42535400390625
0.024881483986973763,824754.9375,0.02001493237912655,278.0162658691406
0.01883331872522831,642408.5,0.020549746230244637,363.80792236328125
0.018561357632279396,571980.0625,0.018164895474910736,293.95172119140625
0.015606810338795185,572989.4375,0.010514039546251297,240.14491271972656
0.016207240521907806,533405.375,0.00695904903113842,211.61166381835938
