loss,mape,val_loss,val_mape
0.05261955410242081,4127041.5,0.027643602341413498,5062060.5
0.025102172046899796,2474123.0,0.02062988467514515,4537661.0
0.020400026813149452,2147331.5,0.014932178892195225,3751856.75
0.017034363001585007,1988136.625,0.01331853773444891,3336092.5
0.015352227725088596,1793680.125,0.0157930925488472,2795678.5
0.01449973788112402,1618616.625,0.00993234571069479,2736633.75
