loss,mape,val_loss,val_mape
0.06918005645275116,1108886.125,0.030423343181610107,354.2747497558594
0.028838496655225754,679646.75,0.01952335797250271,220.2904510498047
0.020244428887963295,432022.6875,0.022573348134756088,216.6284942626953
0.01774999126791954,447283.59375,0.012497532181441784,170.0743865966797
0.018205340951681137,401955.8125,0.009175082668662071,140.50665283203125
0.013297862373292446,418379.1875,0.016896968707442284,178.53176879882812
