loss,mape,val_loss,val_mape
0.07907254993915558,4597288.5,0.042474959045648575,630.1264038085938
0.03407946974039078,2491952.25,0.03543361648917198,459.3229675292969
0.025599146261811256,2091683.0,0.024491900578141212,359.9424743652344
0.023245206102728844,2015177.375,0.021700706332921982,336.953857421875
0.021244995296001434,1674530.5,0.01564859226346016,296.05078125
0.013911068439483643,1594723.25,0.013619212433695793,228.47186279296875
