loss,mape,val_loss,val_mape
0.16379156708717346,406280.8125,0.06175492703914642,213.33941650390625
0.09205920249223709,817768.5,0.05629510059952736,167.27780151367188
0.0816275104880333,1005642.6875,0.042341768741607666,151.09075927734375
0.06759784370660782,547043.0625,0.051365192979574203,85.04061889648438
0.057506874203681946,706401.8125,0.04903685674071312,62.968353271484375
0.05019371211528778,490834.28125,0.023165784776210785,60.297271728515625
