loss,mape,val_loss,val_mape
0.16469712555408478,738591.9375,0.09012123942375183,397.9583435058594
0.09835068136453629,988407.8125,0.06618282943964005,208.6560821533203
0.08575331419706345,865517.625,0.06734868139028549,155.0877227783203
0.06675812602043152,632635.8125,0.054665058851242065,121.7985610961914
0.06255923211574554,688275.1875,0.03358708694577217,113.99877166748047
0.0561073012650013,552541.4375,0.02748979441821575,90.69865417480469
