loss,mape,val_loss,val_mape
0.15886026620864868,285672.71875,0.11643221974372864,882.695068359375
0.09531436115503311,980126.9375,0.06802405416965485,621.497314453125
0.08049923926591873,1128638.5,0.07429597526788712,688.2142333984375
0.06012747064232826,830151.6875,0.08464266359806061,714.494873046875
0.05848221480846405,641848.5,0.05788308009505272,567.3587646484375
0.04763069376349449,418037.5625,0.04261652007699013,453.7430114746094
