loss,mape,val_loss,val_mape
0.09325817972421646,10091.818359375,0.04161018505692482,799.4557495117188
0.05159053951501846,196704.265625,0.03879914805293083,764.91259765625
0.04660217463970184,335580.1875,0.048402681946754456,881.784423828125
0.047852396965026855,160407.671875,0.027644017711281776,466.0440979003906
0.04038426652550697,244500.109375,0.02592729777097702,394.66827392578125
0.04007582366466522,216774.421875,0.02886129543185234,273.22796630859375
