loss,mape,val_loss,val_mape
0.17240045964717865,208869.515625,0.06695497035980225,410.2705078125
0.07235170900821686,214716.84375,0.07110262662172318,492.4287109375
0.08442764729261398,141196.625,0.059155602008104324,442.45013427734375
0.06424009799957275,134284.078125,0.055309537798166275,423.59991455078125
0.05316375568509102,172776.671875,0.05101274326443672,388.35992431640625
0.05116836354136467,31092.34765625,0.040546663105487823,324.8808288574219
