loss,mape,val_loss,val_mape
0.1019083559513092,261670.40625,0.0812862440943718,4090370.0
0.06171897053718567,210756.5,0.05043536052107811,3131358.0
0.05133647099137306,368588.34375,0.0806657075881958,4386736.0
0.050000593066215515,459844.0625,0.03788589686155319,1834309.875
0.04269953444600105,334426.59375,0.03292056918144226,3279179.5
0.037321798503398895,278899.96875,0.028135906904935837,3432886.25
