loss,mape,val_loss,val_mape
0.1530812531709671,1020847.875,0.0966312363743782,330.474853515625
0.08850274235010147,569485.25,0.07363303005695343,457.1424865722656
0.0769074410200119,523585.15625,0.08960185945034027,266.19622802734375
0.06709150969982147,500914.3125,0.12156856060028076,139.32858276367188
0.0643245205283165,369397.125,0.04716481640934944,414.11102294921875
0.053706809878349304,340676.3125,0.03728116303682327,326.06146240234375
