loss,mape,val_loss,val_mape
0.11314757168292999,119829.3828125,0.0935649648308754,128.5812530517578
0.07015971094369888,129678.8359375,0.04443402960896492,266.40087890625
0.0531715527176857,156401.265625,0.07405121624469757,136.35440063476562
0.06220824643969536,296212.28125,0.044127270579338074,191.1244659423828
0.052546367049217224,85976.9140625,0.04955415800213814,145.25828552246094
0.0479736402630806,71388.2109375,0.03443638235330582,161.85411071777344
