loss,mape,val_loss,val_mape
0.11904232949018478,2373662.75,0.11920166015625,154.66595458984375
0.07291503250598907,2654512.75,0.06108329817652702,745.6987915039062
0.0642145499587059,2915337.25,0.07289274781942368,859.3648681640625
0.055582791566848755,3241019.0,0.059635892510414124,244.29306030273438
0.051859401166439056,2110590.75,0.04399681091308594,255.6111297607422
0.04421904683113098,1838449.375,0.031916048377752304,250.25721740722656
