loss,mape,val_loss,val_mape
0.12931646406650543,488587.96875,0.12714934349060059,166.14584350585938
0.0763721689581871,601867.1875,0.10068956762552261,198.80502319335938
0.06594279408454895,547471.375,0.06467445939779282,245.883544921875
0.06515809893608093,585305.3125,0.06941355019807816,184.22511291503906
0.05708282068371773,312780.34375,0.044230107218027115,202.9549560546875
0.044122159481048584,333474.9375,0.0609145350754261,118.38904571533203
