loss,mape,val_loss,val_mape
0.05982935056090355,636108.125,0.045857641845941544,3237816.75
0.03213870897889137,378575.78125,0.023614179342985153,2034689.875
0.019399447366595268,210703.703125,0.021109649911522865,1315152.625
0.017548110336065292,219853.734375,0.019635522738099098,1715589.875
0.01684577576816082,243926.453125,0.01596374437212944,1363881.375
0.015047037973999977,170684.65625,0.014282755553722382,1141088.25
