loss,mape,val_loss,val_mape
0.061830274760723114,842641.3125,0.035680968314409256,253.65420532226562
0.03196736052632332,519880.0625,0.024998489767313004,113.06341552734375
0.02156737633049488,399584.34375,0.02005663886666298,119.77550506591797
0.017651377245783806,270981.78125,0.02124365232884884,84.66569519042969
0.017880676314234734,255630.859375,0.019819609820842743,85.3093490600586
0.016241706907749176,267983.21875,0.017200268805027008,100.08541870117188
