loss,mape,val_loss,val_mape
0.06523356586694717,156318.875,0.043323080986738205,378.3750305175781
0.03053135983645916,125876.2890625,0.029564494267106056,332.6265869140625
0.019479651004076004,90226.1640625,0.021164974197745323,233.73233032226562
0.014959312044084072,41903.74609375,0.021052831783890724,254.60800170898438
0.014357716776430607,56441.44921875,0.02058645710349083,242.92701721191406
0.014038470573723316,56597.4453125,0.02090272307395935,120.9210205078125
