loss,mape,val_loss,val_mape
0.06909862905740738,173441.28125,0.045273058116436005,351.5334167480469
0.03170425817370415,113894.640625,0.03282853215932846,355.1562194824219
0.0217475276440382,104504.2734375,0.022696271538734436,212.42514038085938
0.017382986843585968,71848.1484375,0.021005911752581596,153.49658203125
0.014094240963459015,61626.33984375,0.019336070865392685,175.949951171875
0.01449117437005043,44995.6484375,0.018245849758386612,167.54229736328125
