loss,mape,val_loss,val_mape
0.05386796593666077,263529.75,0.0361374169588089,303.07135009765625
0.027766870334744453,149783.125,0.023332787677645683,204.8822479248047
0.016496656462550163,76810.9375,0.015774626284837723,109.99344635009766
0.014388731680810452,75129.7734375,0.015377855859696865,95.95114135742188
0.015041298232972622,45392.2890625,0.014964232221245766,88.55035400390625
0.012882797047495842,40490.4921875,0.014271026477217674,89.31137084960938
