loss,mape,val_loss,val_mape
0.0506925992667675,208568.734375,0.033335402607917786,196.39495849609375
0.02370123565196991,144812.828125,0.01823478937149048,96.53236389160156
0.014736552722752094,63790.47265625,0.020767832174897194,113.90216064453125
0.015099241398274899,55790.1484375,0.015389957465231419,72.05276489257812
0.013783623464405537,50236.35546875,0.013887355104088783,81.51483154296875
0.012823013588786125,40534.03125,0.01527130976319313,92.32080841064453
