loss,mape,val_loss,val_mape
0.08316577225923538,7046758.0,0.04992986470460892,2795302.0
0.04718782752752304,3612062.75,0.035371605306863785,2303753.75
0.038452863693237305,2828960.25,0.026288745924830437,1663005.125
0.03562995418906212,2558534.75,0.022904986515641212,1064375.5
0.03129855543375015,2135933.5,0.022536851465702057,1410276.25
0.03184372931718826,2185609.75,0.018073132261633873,1069555.125
