loss,mape,val_loss,val_mape
0.06703732907772064,201888.234375,0.03210077062249184,226.7539520263672
0.03859591484069824,123271.984375,0.027684705331921577,185.2359619140625
0.03594300150871277,74301.0546875,0.025143170729279518,188.2394256591797
0.03146515414118767,85498.4375,0.022726261988282204,184.77012634277344
0.027497446164488792,98163.8359375,0.019335854798555374,115.47749328613281
0.027741210535168648,65428.87109375,0.018041448667645454,205.81793212890625
