loss,mape,val_loss,val_mape
0.060283467173576355,676968.25,0.05367392301559448,105.71983337402344
0.03308434039354324,299071.5625,0.03317464515566826,91.43995666503906
0.028491562232375145,269199.0,0.02863151952624321,104.51599884033203
0.025320591405034065,250698.125,0.03257067874073982,64.83782958984375
0.023395171388983727,255394.296875,0.022328458726406097,92.38096618652344
0.022160599008202553,280373.0625,0.01905246265232563,82.78400421142578
