loss,mape,val_loss,val_mape
0.05958207696676254,563462.375,0.032856933772563934,235.9335479736328
0.0341583751142025,340788.21875,0.027351098135113716,211.2353973388672
0.029940934851765633,265646.9375,0.0262814462184906,236.6221160888672
0.028167210519313812,240400.3125,0.021458270028233528,196.1734619140625
0.02611900493502617,244111.09375,0.01845744624733925,173.84249877929688
0.023589568212628365,219465.5,0.017117781564593315,187.5945587158203
