loss,mape,val_loss,val_mape
0.06664863228797913,1153287.125,0.04234896972775459,3091755.5
0.0363108292222023,604553.125,0.022031694650650024,1467518.625
0.027753256261348724,383948.0625,0.0204321201890707,1443090.5
0.025056174024939537,435864.625,0.020225005224347115,821562.9375
0.02520573139190674,329440.96875,0.017929326742887497,1196005.625
0.022471513599157333,348393.375,0.022754766047000885,578631.5625
