loss,mape,val_loss,val_mape
0.06797655671834946,1312031.25,0.04820479825139046,566.6179809570312
0.03550809621810913,899633.5625,0.029101593419909477,286.8103332519531
0.026677167043089867,526595.375,0.026014555245637894,293.10040283203125
0.025836331769824028,450936.1875,0.025256015360355377,309.36761474609375
0.02332575060427189,485402.9375,0.026260193437337875,184.0874481201172
0.022610923275351524,443543.59375,0.02297506481409073,201.38351440429688
