loss,mape,val_loss,val_mape
0.05589244142174721,215384.0,0.02354518510401249,104.37564849853516
0.031281400471925735,81360.3359375,0.023334011435508728,104.07009887695312
0.028091667219996452,80301.921875,0.020596692338585854,97.74634552001953
0.026735369116067886,81491.1953125,0.01958875171840191,89.8189697265625
0.024295005947351456,66690.9609375,0.01699197106063366,67.79717254638672
0.023223571479320526,71618.640625,0.015261633321642876,63.28093719482422
