loss,mape,val_loss,val_mape
0.05632838234305382,210398.921875,0.03797893598675728,270.09942626953125
0.0293347779661417,128914.171875,0.030606411397457123,180.012451171875
0.026777952909469604,82610.2578125,0.02736467868089676,182.92237854003906
0.025410257279872894,72989.8046875,0.02562832087278366,126.44422912597656
0.022772064432501793,73929.046875,0.02464212477207184,137.9124755859375
0.022226210683584213,70482.7421875,0.020679006353020668,141.8164520263672
