loss,mape,val_loss,val_mape
0.06909138709306717,738168.625,0.04124154523015022,358.2677917480469
0.03138316795229912,334239.59375,0.03349386900663376,211.87002563476562
0.027580078691244125,184445.578125,0.036898545920848846,294.640380859375
0.026673749089241028,206499.390625,0.03248549625277519,232.05702209472656
0.024803118780255318,138764.84375,0.030454376712441444,142.1980743408203
0.023204462602734566,146534.9375,0.02723785862326622,208.30734252929688
