loss,mape,val_loss,val_mape
0.07105504721403122,618254.25,0.03786734491586685,462.504150390625
0.03396069258451462,273467.25,0.01944350264966488,229.25149536132812
0.026935551315546036,182308.375,0.01794063113629818,187.7133026123047
0.027028944343328476,191002.953125,0.016834666952490807,204.8988037109375
0.025401927530765533,242119.84375,0.01654943637549877,159.76632690429688
0.02367931604385376,187877.75,0.013740013353526592,156.85919189453125
