loss,mape,val_loss,val_mape
0.14928701519966125,1748151.0,0.06647410243749619,7139800.5
0.07435815036296844,1378719.625,0.07580246776342392,8219959.0
0.06530191004276276,1484082.0,0.08189807832241058,8599971.0
0.06312987953424454,1141350.25,0.07112503796815872,7854888.0
0.05760863423347473,1604854.625,0.037230219691991806,5113378.0
0.039170775562524796,838882.9375,0.09411143511533737,535803.375
