loss,mape,val_loss,val_mape
0.11737890541553497,146843.78125,0.03868216648697853,347.192138671875
0.04623223841190338,123998.9921875,0.039703257381916046,360.5489501953125
0.05018095299601555,35955.53125,0.0337161049246788,323.90008544921875
0.04526936635375023,85029.7578125,0.028552720323204994,290.6484375
0.04316869378089905,157755.328125,0.03255937620997429,142.16790771484375
0.03723367303609848,120400.4453125,0.02656524069607258,125.28529357910156
