loss,mape,val_loss,val_mape
0.13527977466583252,471578.40625,0.07070370763540268,407.1036071777344
0.08217592537403107,364414.21875,0.06365861743688583,382.881103515625
0.07257550954818726,462942.21875,0.05672120675444603,368.791259765625
0.07072358578443527,159134.40625,0.05611133575439453,379.1541748046875
0.05736074224114418,362402.75,0.04019201546907425,310.4425964355469
0.0443565733730793,116621.6953125,0.0380978100001812,292.86334228515625
