loss,mape,val_loss,val_mape
0.1157999038696289,52526.609375,0.052491750568151474,312.0697021484375
0.06724703311920166,156944.046875,0.06347741186618805,383.31396484375
0.058310408145189285,107084.6171875,0.07188764214515686,409.176025390625
0.06260900944471359,143468.546875,0.04811448976397514,326.5074768066406
0.051358651369810104,163419.3125,0.055544108152389526,352.98480224609375
0.04765104874968529,108117.3828125,0.04280279949307442,303.5312805175781
