loss,mape,val_loss,val_mape
0.12085066735744476,202529.3125,0.055723223835229874,4428123.0
0.06730503588914871,225353.96875,0.0527753084897995,4307251.5
0.056512195616960526,195623.78125,0.056891199201345444,4603712.0
0.062493741512298584,157881.609375,0.04437054321169853,3981051.25
0.05391791835427284,89720.578125,0.03978925570845604,3675289.75
0.044681720435619354,158805.46875,0.033533625304698944,3256543.25
