loss,mape,val_loss,val_mape
0.10325516015291214,94761.3984375,0.060920700430870056,4134750.5
0.05762439966201782,327223.8125,0.03286685049533844,2810444.0
0.05979037657380104,485702.25,0.05331717059016228,873214.0
0.04892083257436752,417635.71875,0.042458463460206985,950823.75
0.04715169593691826,255707.953125,0.03202793374657631,1007763.5625
0.04310125857591629,175768.125,0.023990655317902565,2301405.5
