loss,mape,val_loss,val_mape
0.15702012181282043,943503.8125,0.07627604156732559,487.5404052734375
0.07782084494829178,1140683.125,0.07542325556278229,306.34112548828125
0.06838783621788025,655757.625,0.05961713194847107,302.1392822265625
0.07197431474924088,808681.8125,0.06146174296736717,232.5665283203125
0.06201619654893875,480958.4375,0.04347999393939972,235.03768920898438
0.04788045212626457,607132.25,0.05309789627790451,140.53448486328125
