loss,mape,val_loss,val_mape
0.10342089831829071,15099.6943359375,0.044856958091259,132.062744140625
0.05003146827220917,90390.2109375,0.04211072623729706,122.06727600097656
0.051092226058244705,205126.25,0.039242539554834366,105.31427001953125
0.04821910336613655,127191.0390625,0.03626709803938866,92.20984649658203
0.043922021985054016,126596.328125,0.038927823305130005,151.30592346191406
0.04194498434662819,148101.390625,0.038681190460920334,157.54598999023438
