loss,mape,val_loss,val_mape
0.06487532705068588,1487251.0,0.019663991406559944,409.4166564941406
0.02343718707561493,809015.375,0.012387300841510296,282.2267761230469
0.020213253796100616,658832.0,0.011915445327758789,235.20074462890625
0.018397390842437744,642982.6875,0.010196041315793991,230.23890686035156
0.016535203903913498,607173.0625,0.012834087014198303,208.68284606933594
0.01522899605333805,549942.8125,0.013612990267574787,222.5462188720703
