loss,mape,val_loss,val_mape
0.07443040609359741,867078.875,0.02710898034274578,279.5733337402344
0.03158704936504364,413512.125,0.010884054005146027,148.93722534179688
0.020046403631567955,269073.84375,0.011373351328074932,129.5325927734375
0.016943246126174927,332090.0625,0.013806161470711231,107.69819641113281
0.01732100360095501,242935.578125,0.011219829320907593,97.34431457519531
0.01342756487429142,262371.90625,0.008564317598938942,89.62300109863281
