loss,mape,val_loss,val_mape
0.06654555350542068,748037.1875,0.02265366166830063,1884247.875
0.018924973905086517,384268.78125,0.014810961671173573,1276802.125
0.015851235017180443,312960.46875,0.013928228057920933,1071870.75
0.01706540212035179,290653.53125,0.012910584919154644,1084843.375
0.011552587151527405,249295.234375,0.027813350781798363,1274190.0
0.01578962616622448,285271.25,0.01072271540760994,1587714.0
