loss,mape,val_loss,val_mape
0.0616358183324337,914698.1875,0.051532067358493805,361.7793884277344
0.025699758902192116,424063.0625,0.014616118744015694,190.2371368408203
0.018650176003575325,321203.03125,0.008775985799729824,157.90081787109375
0.017629090696573257,381684.59375,0.009315666742622852,146.3457489013672
0.014181944541633129,308232.84375,0.013708027079701424,168.44094848632812
0.011848660185933113,262690.5625,0.008744454942643642,146.06887817382812
