loss,mape,val_loss,val_mape
0.06219935417175293,637835.4375,0.05936756730079651,2539932.75
0.027066634967923164,420854.53125,0.017762692645192146,1417552.125
0.01913728006184101,330853.3125,0.01075182855129242,1091407.5
0.01598156802356243,269990.0,0.00738930469378829,990468.75
0.011712064035236835,278787.59375,0.03810584172606468,736351.0
0.020363645628094673,318611.09375,0.006325488444417715,900811.625
