loss,mape,val_loss,val_mape
0.06452855467796326,386747.53125,0.021739082410931587,191.490478515625
0.023844877257943153,174799.171875,0.017895247787237167,126.73591613769531
0.01975850574672222,147486.96875,0.021296070888638496,113.28653717041016
0.016773637384176254,120412.03125,0.018164902925491333,93.91854095458984
0.015863308683037758,214330.75,0.017999906092882156,102.44487762451172
0.013767031021416187,135275.484375,0.009019425138831139,80.7295913696289
