loss,mape,val_loss,val_mape
0.055751215666532516,100569.0859375,0.022311853244900703,1878076.25
0.027873357757925987,216773.28125,0.011119643226265907,1338306.375
0.018528886139392853,99082.3984375,0.016013430431485176,1432849.75
0.016921266913414,105877.0390625,0.015047549270093441,1280356.625
0.014209283515810966,195086.328125,0.015391601249575615,897311.9375
0.016374018043279648,36166.953125,0.013768427073955536,771332.5
