loss,mape,val_loss,val_mape
0.06904790550470352,138272.875,0.0709819495677948,413.0387878417969
0.03744390234351158,98682.5234375,0.03277120739221573,277.0882873535156
0.025212161242961884,89405.921875,0.014519993215799332,212.56423950195312
0.01802392303943634,68650.671875,0.01137593574821949,169.91505432128906
0.01961512863636017,66561.5703125,0.016201499849557877,185.61669921875
0.0171352569013834,46773.12109375,0.017468219622969627,173.800537109375
