loss,mape,val_loss,val_mape
0.06428689509630203,785200.0625,0.016125384718179703,366.59796142578125
0.028928449377417564,502087.875,0.010091140866279602,271.6627502441406
0.019882312044501305,388141.53125,0.006974316667765379,213.03102111816406
0.015822289511561394,263693.9375,0.01028253324329853,181.0719757080078
0.010870592668652534,293326.59375,0.008230708539485931,193.43276977539062
0.013409563340246677,278083.65625,0.00771676329895854,171.663818359375
