loss,mape,val_loss,val_mape
0.15598039329051971,343911.78125,0.09074423462152481,652.079833984375
0.09059975296258926,327536.46875,0.0642286166548729,505.9747009277344
0.08482438325881958,307099.125,0.05932426452636719,496.783447265625
0.07573705166578293,336096.71875,0.05033166706562042,436.82049560546875
0.05521020293235779,334393.03125,0.035312503576278687,325.0421447753906
0.04183023422956467,225732.5625,0.06678307801485062,411.26776123046875
