loss,mape,val_loss,val_mape
0.1388116031885147,507128.3125,0.07341461628675461,338.09124755859375
0.06535480171442032,162358.375,0.04042579233646393,225.390869140625
0.055603593587875366,212376.953125,0.036673128604888916,204.5019989013672
0.049702804535627365,151934.0,0.03398898243904114,201.72048950195312
0.0501135028898716,63796.55859375,0.03229151666164398,200.56930541992188
0.046115465462207794,78015.6484375,0.027171984314918518,169.0535888671875
