loss,mape,val_loss,val_mape
0.15738694369792938,1040813.875,0.07605412602424622,421.21600341796875
0.09026391804218292,1032984.5,0.07192987948656082,378.3741760253906
0.08522139489650726,788251.375,0.08581651747226715,261.2812194824219
0.06941749155521393,959229.75,0.10753925889730453,163.43878173828125
0.06332584470510483,595626.1875,0.06881219148635864,171.02584838867188
0.05375959351658821,642995.75,0.05193913355469704,148.4313201904297
