loss,mape,val_loss,val_mape
0.10540478676557541,198666.109375,0.05186348035931587,148.98016357421875
0.058234281837940216,193606.125,0.047128088772296906,154.03839111328125
0.06222817674279213,232334.84375,0.037569809705019,225.70819091796875
0.04930008202791214,239337.9375,0.05165952444076538,301.2680358886719
0.047044649720191956,303206.34375,0.03296125307679176,219.9584197998047
0.04684848338365555,237696.53125,0.03269612789154053,220.8543243408203
