loss,mape,val_loss,val_mape
0.06721226125955582,1223568.125,0.059525422751903534,168.47177124023438
0.026869282126426697,663295.75,0.024429911747574806,127.2690658569336
0.019435828551650047,548214.875,0.022809460759162903,110.85607147216797
0.016044920310378075,433658.25,0.014886420220136642,98.05842590332031
0.016098761931061745,457344.40625,0.011407547630369663,90.4163818359375
0.011663948185741901,318645.8125,0.028727691620588303,95.21900939941406
