loss,mape,val_loss,val_mape
0.060859475284814835,2534728.5,0.026362992823123932,1900813.625
0.027471873909235,1273129.375,0.021165447309613228,1699846.75
0.024029074236750603,939393.1875,0.02699698880314827,1052779.875
0.018072476610541344,999934.0625,0.008417874574661255,1334698.875
0.013142663054168224,969409.125,0.02906467393040657,770621.375
0.015431526117026806,749477.9375,0.0061002508737146854,842408.5
