loss,mape,val_loss,val_mape
0.07552201300859451,372818.0,0.03453187271952629,308.5126037597656
0.03332168981432915,140667.0625,0.02150285430252552,209.83934020996094
0.02163642644882202,137613.328125,0.021053316071629524,175.42276000976562
0.017278021201491356,124469.9765625,0.017486803233623505,148.58990478515625
0.017742732539772987,139166.0,0.01126949768513441,133.95352172851562
0.01714072749018669,104992.0234375,0.013151204213500023,134.53958129882812
