loss,mape,val_loss,val_mape
0.05769668146967888,773588.5,0.020724676549434662,1929173.875
0.02678569033741951,450333.90625,0.03966324403882027,1264951.25
0.022385569289326668,363699.71875,0.011850003153085709,1427789.0
0.014194725081324577,350605.71875,0.009560434147715569,1122135.875
0.020173031836748123,285864.1875,0.008521542884409428,1104660.0
0.013210952281951904,315468.09375,0.009045207872986794,1089158.625
