loss,mape,val_loss,val_mape
0.08626674115657806,16311992.0,0.0665370523929596,19130834.0
0.04151449725031853,8928083.0,0.05299326777458191,5366333.0
0.03329039737582207,5046541.5,0.04071122407913208,7146541.0
0.030811233446002007,4629355.0,0.038923174142837524,6654126.5
0.030285615473985672,4508593.5,0.03638255596160889,9141017.0
0.02602473832666874,4440230.5,0.03911622613668442,3978277.75
