loss,mape,val_loss,val_mape
0.08569523692131042,16545324.0,0.04062456637620926,19016798.0
0.04193006083369255,8002482.5,0.024912454187870026,13377347.0
0.03251408413052559,5303953.5,0.018439965322613716,8894878.0
0.03050891123712063,4636623.5,0.01860937848687172,9300656.0
0.02982110157608986,4530879.0,0.023341570049524307,10987407.0
0.027971433475613594,4526721.0,0.018675070255994797,9123929.0
