loss,mape,val_loss,val_mape
0.0740535706281662,192168.078125,0.036974675953388214,576.3283081054688
0.03579910844564438,149545.03125,0.026597388088703156,461.54400634765625
0.02628488652408123,94726.3046875,0.022982127964496613,347.800048828125
0.02384377270936966,79621.140625,0.02592490427196026,361.6424560546875
0.02451026625931263,58143.5546875,0.020180966705083847,204.2850341796875
0.021865902468562126,72227.5234375,0.019463174045085907,264.53466796875
