loss,mape,val_loss,val_mape
0.07165955752134323,208879.28125,0.04024330526590347,404.56072998046875
0.035399965941905975,92353.2109375,0.028115544468164444,318.4885559082031
0.02707912027835846,65798.28125,0.026288650929927826,276.7949523925781
0.024204131215810776,64690.12890625,0.02355801686644554,237.1195526123047
0.021778350695967674,67161.0703125,0.02125132828950882,164.41868591308594
0.0223812498152256,49454.203125,0.020546814426779747,143.7362823486328
