loss,mape,val_loss,val_mape
0.08797211199998856,6666817.5,0.048732031136751175,8937227.0
0.04351089149713516,3624841.25,0.026444869115948677,6086171.0
0.027418257668614388,2299982.0,0.01796555332839489,4475203.0
0.02310100942850113,1835711.0,0.014007780700922012,3342462.0
0.022981086745858192,1522241.0,0.01467069797217846,2067006.0
0.020950689911842346,1438575.75,0.019087374210357666,1209944.625
