loss,mape,val_loss,val_mape
0.0930570587515831,7324578.5,0.04062260687351227,710.1361083984375
0.03940018638968468,3641201.75,0.022268515080213547,394.1531066894531
0.025196287781000137,2189436.0,0.019787216559052467,259.29754638671875
0.02292662300169468,1857427.25,0.02066008932888508,182.9241180419922
0.02064330317080021,1406835.0,0.02238346077501774,159.83694458007812
0.021608460694551468,1518739.875,0.01768425852060318,221.21612548828125
