loss,mape,val_loss,val_mape
0.0730879157781601,668672.75,0.05414203926920891,260.4254455566406
0.03688204288482666,336524.53125,0.03219609707593918,166.2534942626953
0.025301435962319374,143640.0,0.03181389346718788,102.09272766113281
0.023843711242079735,163518.140625,0.035777051001787186,70.9450912475586
0.02280770055949688,123705.40625,0.027448540553450584,111.33462524414062
0.021403899416327477,145759.296875,0.03401448577642441,170.37368774414062
