loss,mape,val_loss,val_mape
0.07407443225383759,682572.9375,0.05620705708861351,308.8851013183594
0.042460642755031586,506407.8125,0.03450573608279228,273.3196105957031
0.02807978168129921,231838.859375,0.03146079182624817,114.42375183105469
0.024229086935520172,215461.078125,0.023894798010587692,155.63145446777344
0.022925741970539093,158727.5625,0.02497265860438347,177.6134796142578
0.023215198889374733,173190.125,0.022987142205238342,147.39459228515625
