loss,mape,val_loss,val_mape
0.12468631565570831,663525.5625,0.07421662658452988,162.1268310546875
0.08709155768156052,661993.4375,0.06325164437294006,262.0893249511719
0.06826551258563995,807885.125,0.05945293977856636,256.1243896484375
0.066830575466156,873067.8125,0.055964235216379166,250.4750213623047
0.05879484489560127,705262.5625,0.08724915236234665,84.36885833740234
0.052112024277448654,661316.3125,0.06675661355257034,77.58391571044922
