loss,mape,val_loss,val_mape
0.12452034652233124,5747.9521484375,0.05639165639877319,197.6232452392578
0.061587512493133545,250233.25,0.05531692877411842,285.3374328613281
0.062308065593242645,193092.421875,0.04906162992119789,263.81866455078125
0.05787583068013191,123768.9140625,0.041436146944761276,228.4871368408203
0.05226989835500717,244212.015625,0.03989044576883316,235.0001678466797
0.03647839277982712,109497.2265625,0.0735122486948967,68.2250747680664
