loss,mape,val_loss,val_mape
0.14330697059631348,301467.21875,0.05668932944536209,249.0467529296875
0.07289408147335052,255840.09375,0.05123153701424599,232.69618225097656
0.06360391527414322,240867.5625,0.06731148809194565,123.50845336914062
0.06544024497270584,273088.28125,0.05180798098444939,115.55809783935547
0.06263665854930878,52973.9765625,0.04517332464456558,104.90631103515625
0.04464862495660782,76138.7265625,0.03567087650299072,90.601806640625
