loss,mape,val_loss,val_mape
0.11928950250148773,214170.21875,0.041410282254219055,3165177.25
0.05666431412100792,160709.96875,0.04222166910767555,2642287.25
0.05835559964179993,136526.65625,0.035820357501506805,2986158.0
0.05161140114068985,161835.28125,0.046891845762729645,1803259.875
0.04666716232895851,150362.265625,0.049662601202726364,1389067.375
0.04375510662794113,79260.265625,0.03288954868912697,1576743.25
