loss,mape,val_loss,val_mape
0.05726523697376251,227088.53125,0.025078779086470604,129.61834716796875
0.030858810991048813,111259.8984375,0.021699879318475723,105.09870910644531
0.027415035292506218,100853.7265625,0.019874650985002518,66.38185119628906
0.02601448819041252,80826.9296875,0.01949494518339634,93.94947814941406
0.024358022958040237,70208.453125,0.017124135047197342,64.12654113769531
0.02245357260107994,71708.375,0.015668004751205444,72.17427825927734
