loss,mape,val_loss,val_mape
0.056398991495370865,187584.0,0.025164300575852394,87.50623321533203
0.03005838207900524,87299.375,0.022361289709806442,76.1347427368164
0.027014940977096558,80983.9609375,0.020577343180775642,69.6280288696289
0.025371655821800232,75868.828125,0.018749551847577095,59.46936798095703
0.023742901161313057,91875.5625,0.018066776916384697,55.611976623535156
0.02304067276418209,93805.6484375,0.016882549971342087,53.149166107177734
