loss,mape,val_loss,val_mape
0.06502538174390793,2454939.0,0.0385509617626667,9337148.0
0.03351742774248123,1368211.25,0.022190500050783157,3756277.25
0.024914374575018883,760704.75,0.020138287916779518,3032822.5
0.02377336286008358,690797.5625,0.018937453627586365,4114026.5
0.02343333140015602,783693.625,0.01906687580049038,3436101.75
0.02199898101389408,720709.125,0.020106574520468712,4384774.5
