loss,mape,val_loss,val_mape
0.06679745763540268,2873536.0,0.0518525205552578,6006348.5
0.03589760139584541,1643805.875,0.029021237045526505,2996252.0
0.02364681288599968,876485.75,0.026677481830120087,3544348.0
0.024537252262234688,844506.8125,0.02388731576502323,2471686.0
0.022431321442127228,695937.375,0.02323324792087078,2459575.5
0.02285834588110447,682746.625,0.024541804566979408,2620718.0
