loss,mape,val_loss,val_mape
0.0815589427947998,36049020.0,0.03805875405669212,25592634.0
0.03776806965470314,18978874.0,0.024227410554885864,10008761.0
0.02786906622350216,10962858.0,0.02230963669717312,10136982.0
0.025662248954176903,9469700.0,0.02341066300868988,12467339.0
0.02644636109471321,9697113.0,0.023866519331932068,11682775.0
0.023214969784021378,8325812.5,0.02226698212325573,12746078.0
