loss,mape,val_loss,val_mape
0.08097950369119644,35799084.0,0.05224510654807091,25724256.0
0.036744918674230576,18033712.0,0.03094237670302391,18898104.0
0.026987895369529724,11597359.0,0.02349182590842247,11373908.0
0.025667080655694008,9794393.0,0.022092396393418312,10083877.0
0.02388295717537403,9000857.0,0.02366994321346283,14131590.0
0.023980729281902313,8922397.0,0.019887370988726616,9238016.0
