loss,mape,val_loss,val_mape
0.06722559034824371,165562.25,0.02183992601931095,197.67898559570312
0.026216143742203712,56811.87890625,0.0220776479691267,163.89361572265625
0.0199501421302557,42665.47265625,0.01761183887720108,135.53018188476562
0.020287221297621727,43522.5234375,0.011655661277472973,116.60672760009766
0.01638493314385414,58956.484375,0.009332332760095596,92.43392181396484
0.014089285396039486,30432.689453125,0.01952335797250271,109.4136734008789
