loss,mape,val_loss,val_mape
0.054300457239151,577448.9375,0.012134070508182049,175.21029663085938
0.02315427176654339,287150.46875,0.008219084702432156,151.61929321289062
0.016756778582930565,264522.65625,0.01021671574562788,155.92337036132812
0.015578728169202805,238567.328125,0.010530308820307255,138.44296264648438
0.012454098090529442,301228.375,0.01259630173444748,148.6844024658203
0.011548049747943878,237552.515625,0.012504996731877327,130.5244598388672
