loss,mape,val_loss,val_mape
0.05217856541275978,161701.9375,0.03376852720975876,1236334.875
0.030284468084573746,89133.84375,0.014858422800898552,1033374.5625
0.02361360751092434,105538.3125,0.011394408531486988,896718.0
0.020311495289206505,76197.015625,0.008892763406038284,848388.1875
0.018007071688771248,55264.734375,0.011501042172312737,832028.4375
0.015754973515868187,89658.1875,0.020089954137802124,752144.5625
