loss,mape,val_loss,val_mape
0.05953660234808922,1354378.75,0.033683259040117264,1898119.625
0.03418063744902611,684939.4375,0.03230780363082886,1176124.75
0.02290353737771511,469920.28125,0.04215561971068382,888117.0625
0.021797986701130867,434958.5625,0.014340926893055439,937747.875
0.018215538933873177,417838.625,0.014056898653507233,840120.8125
0.014325151219964027,398651.09375,0.015798622742295265,785418.9375
