loss,mape,val_loss,val_mape
0.04442308843135834,298471.15625,0.028380392119288445,202.44052124023438
0.023635350167751312,244039.65625,0.019065674394369125,181.985107421875
0.017222823575139046,146163.921875,0.012945202179253101,154.49896240234375
0.014424233697354794,120015.78125,0.011629712767899036,138.63641357421875
0.011237669736146927,112105.4765625,0.016708021983504295,126.58914947509766
0.011356019414961338,90882.421875,0.013795574195683002,113.39959716796875
