loss,mape,val_loss,val_mape
0.05751393735408783,991071.9375,0.05060277134180069,108.85175323486328
0.024355759844183922,555821.0625,0.010996437631547451,63.53153991699219
0.030339160934090614,481944.875,0.0089845210313797,64.56035614013672
0.01772700808942318,358568.9375,0.013786069117486477,61.34439468383789
0.016803869977593422,353487.25,0.014545639045536518,56.102481842041016
0.017036400735378265,346867.0,0.011281274259090424,56.53121566772461
