loss,mape,val_loss,val_mape
0.06531964242458344,619084.5,0.02732733264565468,174.29867553710938
0.025043325498700142,293356.53125,0.015330273658037186,113.57677459716797
0.02015041559934616,181668.890625,0.013052242808043957,98.8331527709961
0.016140388324856758,147013.96875,0.007338876370340586,94.31535339355469
0.014477621763944626,219612.609375,0.008035176433622837,93.73065185546875
0.012795968912541866,207711.0625,0.00908603798598051,79.38706970214844
