loss,mape,val_loss,val_mape
0.06578254699707031,2170667.75,0.03659230098128319,150.64205932617188
0.0358024537563324,1123912.0,0.02837378904223442,142.7484588623047
0.033598266541957855,878844.875,0.026783151552081108,138.7642822265625
0.030550941824913025,878362.5625,0.02445996180176735,112.81155395507812
0.028070256114006042,754965.875,0.025450969114899635,169.15176391601562
0.025323282927274704,809841.3125,0.02632107213139534,184.2636260986328
