loss,mape,val_loss,val_mape
0.06834737956523895,220676.453125,0.044267624616622925,388.4091491699219
0.03684733808040619,155136.21875,0.027698127552866936,156.1668701171875
0.02830985188484192,69958.78125,0.024471474811434746,205.75340270996094
0.025465602055191994,69582.0859375,0.02305055409669876,179.7014617919922
0.026091182604432106,92818.4921875,0.02115650661289692,140.9327850341797
0.02283766306936741,70113.6875,0.02161955088376999,91.2337646484375
