loss,mape,val_loss,val_mape
0.0691043883562088,406608.0625,0.036514658480882645,239.4763641357422
0.03261629119515419,259498.75,0.029994206503033638,151.8106231689453
0.030785616487264633,163254.21875,0.027187904343008995,132.81874084472656
0.02771724760532379,122129.078125,0.02713969349861145,139.48654174804688
0.025947220623493195,151882.453125,0.024334024637937546,156.40357971191406
0.023379363119602203,174990.75,0.02353900484740734,141.840576171875
