loss,mape,val_loss,val_mape
0.057219214737415314,157702.640625,0.027312694117426872,125.1443099975586
0.025549113750457764,52370.76953125,0.022180762141942978,86.0930404663086
0.021752815693616867,56577.53125,0.023172764107584953,94.4648208618164
0.0202313344925642,49717.09375,0.020946025848388672,76.81190490722656
0.019596247002482414,86725.0625,0.02040223777294159,87.40697479248047
0.018286099657416344,51951.33203125,0.025647222995758057,111.32817077636719
