loss,mape,val_loss,val_mape
0.10394420474767685,101351.1875,0.03516606613993645,199.89559936523438
0.03908855468034744,177821.15625,0.04097418114542961,154.8632354736328
0.03893234580755234,178143.828125,0.03203428536653519,199.3181915283203
0.03536607325077057,290347.0625,0.04366586357355118,118.59146881103516
0.039807211607694626,105319.7890625,0.05662969872355461,87.12229919433594
0.03903067111968994,208334.703125,0.023607058450579643,161.67300415039062
