loss,mape,val_loss,val_mape
0.1483554095029831,734758.125,0.06129864603281021,449.5901184082031
0.06676392257213593,737645.125,0.07438987493515015,238.90869140625
0.061271026730537415,894051.5625,0.09406113624572754,166.31141662597656
0.06082107126712799,721820.125,0.051311735063791275,266.95489501953125
0.052243672311306,636383.25,0.05133684724569321,201.9984893798828
0.05435691028833389,747849.25,0.05156421661376953,161.84539794921875
