loss,mape,val_loss,val_mape
0.13418985903263092,178609.453125,0.06481529772281647,341.75439453125
0.06288109719753265,606417.3125,0.06510097533464432,399.45538330078125
0.07077241688966751,374356.59375,0.06285776197910309,227.48924255371094
0.0615566149353981,398913.0625,0.06908611953258514,165.28643798828125
0.052615467458963394,387535.09375,0.07642590254545212,117.84066772460938
0.04582180827856064,233905.578125,0.05554630234837532,112.78511047363281
