loss,mape,val_loss,val_mape
0.06755919754505157,368647.6875,0.036752697080373764,346.2850646972656
0.027348557487130165,218027.96875,0.01829954981803894,147.1116943359375
0.020681483671069145,134168.359375,0.015153526328504086,147.85960388183594
0.017239021137356758,134039.734375,0.010928399860858917,135.2928466796875
0.01564480923116207,133018.390625,0.009395281784236431,157.4885711669922
0.013424473814666271,110872.0390625,0.009148337878286839,99.3507308959961
