loss,mape,val_loss,val_mape
0.06640276312828064,403314.9375,0.044707976281642914,447.63482666015625
0.027495307847857475,228270.328125,0.030012521892786026,277.3733215332031
0.019380075857043266,127728.7734375,0.02779962494969368,147.9170684814453
0.016314662992954254,146903.953125,0.02302960306406021,234.3856201171875
0.014947020448744297,106744.1171875,0.019636116921901703,220.01278686523438
0.012085802853107452,109353.40625,0.01689193584024906,206.72329711914062
