loss,mape,val_loss,val_mape
0.059361062943935394,1659042.0,0.025210577994585037,1484305.125
0.02101544663310051,605667.5625,0.0229115579277277,777147.0
0.018190398812294006,517235.5625,0.015951327979564667,1088717.5
0.016496293246746063,507919.1875,0.014926073141396046,1216665.625
0.014673576690256596,457868.1875,0.01233866810798645,1083956.75
0.012938675470650196,454157.9375,0.010292092338204384,1032162.75
