loss,mape,val_loss,val_mape
0.06254328787326813,2018598.75,0.028860807418823242,366.05133056640625
0.020670033991336823,655157.0,0.020847022533416748,231.48313903808594
0.017508607357740402,604175.9375,0.01861409656703472,169.8900604248047
0.014900986105203629,487793.40625,0.01627553626894951,165.6627655029297
0.013853784650564194,471987.21875,0.014478872530162334,168.09503173828125
0.012275527231395245,453890.125,0.015018000267446041,192.99375915527344
