loss,mape,val_loss,val_mape
0.05765697732567787,373186.90625,0.03377055376768112,156.2676544189453
0.02217959053814411,175316.125,0.017804870381951332,100.2345962524414
0.01579390838742256,106818.671875,0.019393566995859146,70.1251220703125
0.01587149314582348,104149.21875,0.014123390428721905,90.47012329101562
0.01342299859970808,146253.65625,0.012050917372107506,69.4415283203125
0.011507052928209305,116932.921875,0.010582024231553078,69.95816040039062
