loss,mape,val_loss,val_mape
0.05906703323125839,471886.25,0.03551297262310982,230.48887634277344
0.021631205454468727,170152.921875,0.014916613698005676,86.22685241699219
0.015753155574202538,106703.7890625,0.012030412442982197,85.2195816040039
0.015409047715365887,78990.8125,0.011167424730956554,92.74185943603516
0.012384283356368542,130592.0234375,0.012464775703847408,108.61091613769531
0.01268647238612175,109244.703125,0.008269903250038624,82.22212219238281
