loss,mape,val_loss,val_mape
0.06947807222604752,255894.3125,0.015585112385451794,285.8153076171875
0.025549544021487236,203736.75,0.014011851511895657,182.7554473876953
0.019758202135562897,153063.734375,0.01586122252047062,174.8417205810547
0.018092550337314606,121882.6953125,0.006742705591022968,127.23744201660156
0.014535472728312016,113183.4140625,0.00860811397433281,129.85614013671875
0.016913650557398796,99027.34375,0.006588807329535484,131.19793701171875
