loss,mape,val_loss,val_mape
0.06305323541164398,156494.609375,0.026254592463374138,152.0405731201172
0.028460530564188957,76798.3671875,0.013539088889956474,122.8726577758789
0.022837908938527107,74999.046875,0.014762812294065952,121.85891723632812
0.01915537752211094,58103.3984375,0.008315267972648144,92.73695373535156
0.016111183911561966,74985.9140625,0.010648763738572598,97.90343475341797
0.016040069982409477,71457.78125,0.00770984124392271,79.58880615234375
