loss,mape,val_loss,val_mape
0.0789814293384552,841752.625,0.026104120537638664,372.0854797363281
0.03283543139696121,572283.9375,0.020865997299551964,268.9419250488281
0.022993184626102448,377857.90625,0.02185164764523506,231.98272705078125
0.02297346666455269,357643.09375,0.015881987288594246,197.6670379638672
0.018920691683888435,328569.0625,0.011396685615181923,188.27780151367188
0.016011003404855728,236021.578125,0.017785435542464256,195.8501434326172
