loss,mape,val_loss,val_mape
0.055847495794296265,409023.375,0.026929164305329323,122.9010009765625
0.02920534461736679,259077.984375,0.013635673560202122,93.64341735839844
0.02203655242919922,176494.65625,0.011378549970686436,80.4315185546875
0.013479330576956272,158198.453125,0.03190694376826286,68.38248443603516
0.01779484562575817,154553.34375,0.009727795608341694,58.92493438720703
0.014544901438057423,109698.96875,0.00812709890305996,55.43100357055664
