loss,mape,val_loss,val_mape
0.07781865447759628,386193.09375,0.04314317926764488,289.9746398925781
0.04255193844437599,150096.546875,0.03927535191178322,249.513916015625
0.03792094439268112,155117.9375,0.039735279977321625,126.29876708984375
0.03490782901644707,118617.3359375,0.030120927840471268,220.0998992919922
0.030343657359480858,112000.9609375,0.026173409074544907,267.8016662597656
0.024543162435293198,155739.546875,0.027983849868178368,242.5438995361328
