loss,mape,val_loss,val_mape
0.07710979878902435,455047.59375,0.049785248935222626,282.69598388671875
0.04369015991687775,164768.671875,0.03751445189118385,226.31729125976562
0.0397900715470314,126447.953125,0.0341733954846859,219.87014770507812
0.03557885065674782,165664.8125,0.02957966923713684,231.9688262939453
0.02938336692750454,108542.3203125,0.03172815963625908,268.1429138183594
0.027278225868940353,135604.6875,0.02303411439061165,166.72293090820312
