loss,mape,val_loss,val_mape
0.07834042608737946,258299.203125,0.04235576093196869,2264197.75
0.04514221474528313,74508.8125,0.03872403874993324,1495351.5
0.041102249175310135,101454.0078125,0.035930849611759186,1351370.75
0.036652591079473495,68203.609375,0.031387809664011,1587567.25
0.03216542676091194,71210.375,0.033834293484687805,764246.25
0.029595553874969482,52244.08203125,0.022215399891138077,1664467.375
