loss,mape,val_loss,val_mape
0.06370989233255386,234625.296875,0.04960381239652634,288.4861755371094
0.040484387427568436,174973.765625,0.031114500015974045,187.1468963623047
0.032255467027425766,113094.6875,0.029106441885232925,193.6620330810547
0.030554519966244698,112624.3203125,0.025622088462114334,156.5488739013672
0.028510604053735733,81099.4609375,0.023165110498666763,139.4374237060547
0.02525842934846878,76182.15625,0.02293718233704567,106.35076141357422
