loss,mape,val_loss,val_mape
0.06257014721632004,237427.375,0.055972058326005936,215.49270629882812
0.03938283026218414,135607.296875,0.035448379814624786,219.39573669433594
0.03213711827993393,98667.703125,0.027492154389619827,139.789306640625
0.030418124049901962,116306.7890625,0.026738058775663376,171.4607391357422
0.02609972283244133,87787.7109375,0.022851867601275444,106.07072448730469
0.02673492021858692,88139.3359375,0.01983586885035038,119.99299621582031
