loss,mape,val_loss,val_mape
0.07269380986690521,1189250.625,0.03466787934303284,172.57322692871094
0.04146081581711769,511151.8125,0.02854345738887787,185.01467895507812
0.036460842937231064,410960.25,0.02369353361427784,149.0804901123047
0.0331793911755085,377969.375,0.020122377201914787,142.98431396484375
0.028862422332167625,406505.03125,0.016420017927885056,87.51205444335938
0.0248227808624506,324101.25,0.01541521493345499,128.2505340576172
