loss,mape,val_loss,val_mape
0.07565651834011078,1156791.625,0.05083687976002693,283.72369384765625
0.042799338698387146,498826.875,0.049242209643125534,199.9571533203125
0.03735810145735741,409129.0625,0.04322834685444832,279.71429443359375
0.0340784415602684,417793.8125,0.04226372390985489,160.2986297607422
0.029814157634973526,342821.90625,0.03187727555632591,207.43899536132812
0.025250611826777458,323260.375,0.03017009049654007,199.03225708007812
