loss,mape,val_loss,val_mape
0.06296514719724655,496543.84375,0.035833414644002914,254.41513061523438
0.03225396201014519,268104.5,0.03162254020571709,161.2193145751953
0.027060654014348984,160704.890625,0.02847890555858612,147.9298553466797
0.02299572341144085,130584.1796875,0.027320621535182,101.65460968017578
0.022730568423867226,115667.078125,0.02572406642138958,146.04136657714844
0.021281355991959572,149429.171875,0.026652125641703606,126.67935943603516
