loss,mape,val_loss,val_mape
0.06459999829530716,436777.65625,0.042159534990787506,277.9913024902344
0.03299037367105484,249902.296875,0.025723297148942947,140.6797637939453
0.025136003270745277,139798.265625,0.025322215631604195,109.5716552734375
0.024304470047354698,109485.75,0.026133323088288307,184.35140991210938
0.022615907713770866,145125.953125,0.023717578500509262,163.78741455078125
0.022986354306340218,184502.296875,0.02047576569020748,118.56698608398438
