loss,mape,val_loss,val_mape
0.1125379204750061,2937380.0,0.07170003652572632,3780573.5
0.06586368381977081,3901877.0,0.05356654152274132,5989483.0
0.06095653399825096,4206421.5,0.05916053429245949,4074792.25
0.05657751485705376,3879279.0,0.04886672645807266,4313612.0
0.053402964025735855,3989831.75,0.04524725303053856,6300828.5
0.04347915202379227,3573674.5,0.07868220657110214,1364154.75
