loss,mape,val_loss,val_mape
0.10604273527860641,381705.59375,0.08221982419490814,281.8714904785156
0.05322112888097763,297046.78125,0.05027568340301514,699.2596435546875
0.05190239101648331,223773.375,0.06172357127070427,324.4997253417969
0.04996181279420853,361348.46875,0.03772854432463646,564.0315551757812
0.05061594769358635,366622.59375,0.046993862837553024,283.9042663574219
0.04249846935272217,258619.9375,0.045501139014959335,238.9145050048828
