loss,mape,val_loss,val_mape
0.12808705866336823,384781.15625,0.06665400415658951,352.24078369140625
0.07528620958328247,673699.25,0.05896953120827675,575.9171752929688
0.06810136139392853,1055163.625,0.05504709109663963,285.052490234375
0.06263556331396103,724472.375,0.03644522652029991,319.35302734375
0.051985446363687515,570516.25,0.06161115691065788,122.57048034667969
0.04238586872816086,558268.0625,0.04953986406326294,104.6529312133789
