loss,mape,val_loss,val_mape
0.06725035607814789,769776.875,0.03732278570532799,348.44091796875
0.03701293095946312,423269.40625,0.0312918983399868,257.21630859375
0.0325249619781971,253739.625,0.028019560500979424,138.76693725585938
0.030092664062976837,223212.921875,0.025112373754382133,169.90948486328125
0.02733539044857025,246477.6875,0.024564851075410843,210.23046875
0.02497434988617897,295000.75,0.026726379990577698,245.2989501953125
