loss,mape,val_loss,val_mape
0.0631800964474678,680400.5,0.038060300052165985,211.93988037109375
0.034825120121240616,299881.90625,0.03422316536307335,150.63357543945312
0.030392328277230263,285316.5625,0.031652964651584625,139.82843017578125
0.026410160586237907,258504.09375,0.03341368958353996,108.2439956665039
0.02559356577694416,193943.046875,0.032711874693632126,234.1713409423828
0.024620087817311287,270306.96875,0.02328210510313511,128.3604278564453
