loss,mape,val_loss,val_mape
0.07938659936189651,3287487.75,0.026478437706828117,813.9713745117188
0.029049402102828026,1817921.75,0.019633570685982704,697.9234008789062
0.023315919563174248,1628391.5,0.016047611832618713,634.6716918945312
0.02030428685247898,1316274.125,0.012551924213767052,460.6021423339844
0.017892438918352127,1244517.125,0.010880005545914173,459.3900146484375
0.017656324431300163,1091415.875,0.010326337069272995,430.2386169433594
