loss,mape,val_loss,val_mape
0.07592702656984329,3170968.25,0.031831227242946625,2498127.0
0.027975348755717278,1613740.875,0.02426784671843052,1932980.625
0.021669218316674232,1364843.75,0.020822754129767418,1247452.25
0.01879820227622986,1185633.75,0.018980402499437332,1048286.875
0.01675177738070488,861436.125,0.018004413694143295,999007.4375
0.017026377841830254,933019.5625,0.018005624413490295,895655.5
