loss,mape,val_loss,val_mape
0.06277664005756378,387084.15625,0.033974044024944305,157.6964874267578
0.031082458794116974,168272.796875,0.038033682852983475,84.77518463134766
0.0294866394251585,149166.125,0.0288821030408144,102.439697265625
0.026777047663927078,190156.765625,0.02546451799571514,104.6296615600586
0.024703089147806168,187178.015625,0.022090699523687363,89.46217346191406
0.021502142772078514,178541.0625,0.01845676638185978,87.03873443603516
