loss,mape,val_loss,val_mape
0.06440702825784683,256167.90625,0.03708949685096741,2298682.25
0.03321990370750427,53693.91015625,0.03604679927229881,1342098.75
0.03048345260322094,116230.6640625,0.03309477120637894,1698803.375
0.027812322601675987,63602.33984375,0.03337299823760986,1233684.875
0.025499965995550156,106934.984375,0.026910286396741867,1874977.0
0.0239229965955019,101843.515625,0.024799814447760582,1429016.75
