loss,mape,val_loss,val_mape
0.06552554666996002,1668144.0,0.03219349682331085,238.5873565673828
0.02839863859117031,643716.25,0.02493147738277912,145.42141723632812
0.024472394958138466,451443.96875,0.023491930216550827,153.27020263671875
0.022503608837723732,472126.96875,0.025715185329318047,172.76455688476562
0.021624144166707993,420033.4375,0.02528468519449234,197.6964569091797
0.02160034328699112,386705.78125,0.020451968535780907,122.9678726196289
