loss,mape,val_loss,val_mape
0.06556647270917892,1471214.125,0.04064735397696495,2122312.0
0.030477268621325493,785916.4375,0.02095344103872776,1477738.25
0.025275634601712227,335627.625,0.024254027754068375,1103572.625
0.023249220103025436,326060.875,0.02065146714448929,1041939.1875
0.02342010848224163,368395.3125,0.01903480850160122,1157527.375
0.021289769560098648,351271.78125,0.021279405802488327,915893.6875
