loss,mape,val_loss,val_mape
0.12315178662538528,1562509.625,0.06587498635053635,195.16795349121094
0.05311984568834305,2661695.75,0.04635295644402504,297.1380615234375
0.05398545041680336,2772366.25,0.06768465787172318,159.33140563964844
0.05354996398091316,2237456.5,0.0864887684583664,115.55457305908203
0.052240319550037384,1890295.625,0.033758293837308884,232.49481201171875
0.04469791054725647,1971045.125,0.0317089669406414,252.08087158203125
