loss,mape,val_loss,val_mape
0.1064818948507309,10435742.0,0.06754670292139053,59549808.0
0.06246685981750488,28627196.0,0.06605631113052368,60952240.0
0.061536531895399094,26797262.0,0.05996028333902359,27244486.0
0.050824910402297974,25490758.0,0.09069526940584183,6795291.0
0.05304127186536789,19112674.0,0.04481511563062668,22765116.0
0.04453873634338379,20029432.0,0.050081223249435425,13430454.0
