loss,mape,val_loss,val_mape
0.11338416486978531,24034.10546875,0.05949629098176956,305.8816223144531
0.07014986872673035,253558.265625,0.07728336751461029,197.8833465576172
0.06268580257892609,433396.40625,0.049102671444416046,312.21746826171875
0.05705301836133003,343427.875,0.042300425469875336,296.9129943847656
0.05165930837392807,470319.15625,0.034644730389118195,244.46099853515625
0.04693913832306862,310959.34375,0.02639603428542614,223.30072021484375
