loss,mape,val_loss,val_mape
0.06894906610250473,494910.34375,0.028609493747353554,256.0582580566406
0.026929913088679314,124907.765625,0.023126091808080673,162.4128875732422
0.022235428914427757,130192.859375,0.021609516814351082,215.73602294921875
0.01856773905456066,151306.5,0.015887636691331863,160.72308349609375
0.014059432782232761,114784.34375,0.013540017418563366,178.7894744873047
0.012017292901873589,84350.125,0.01142680924385786,149.3331756591797
