loss,mape,val_loss,val_mape
0.07097285985946655,484254.84375,0.03501850366592407,169.2165069580078
0.027004476636648178,151792.84375,0.024148596450686455,129.18844604492188
0.022221876308321953,130582.84375,0.022063255310058594,126.66283416748047
0.018045980483293533,100820.1171875,0.016051730141043663,125.21150970458984
0.014668446965515614,95566.515625,0.013633049093186855,135.2505340576172
0.011422917246818542,103217.40625,0.014765158295631409,78.85525512695312
