loss,mape,val_loss,val_mape
0.060737039893865585,237240.890625,0.043367259204387665,259.3268127441406
0.03230597823858261,92604.5546875,0.03008953668177128,139.8126983642578
0.02351628802716732,91305.859375,0.0269685797393322,130.6314239501953
0.01923014596104622,85436.9921875,0.02559942938387394,89.97713470458984
0.01712680049240589,55334.36328125,0.025498829782009125,70.09518432617188
0.0148143470287323,75080.296875,0.017386913299560547,116.4197006225586
