loss,mape,val_loss,val_mape
0.06266997009515762,189406.640625,0.03414164111018181,204.02273559570312
0.03135809302330017,154663.1875,0.017429526895284653,129.49789428710938
0.02245143987238407,92220.3515625,0.014721768908202648,116.43392944335938
0.018275555223226547,84933.53125,0.012852977961301804,69.8046646118164
0.015605095773935318,65516.47265625,0.008854009211063385,74.80342102050781
0.014109726063907146,66696.0859375,0.0070359655655920506,76.11276245117188
