loss,mape,val_loss,val_mape
0.06726010143756866,1199432.125,0.027431610971689224,202.19076538085938
0.025462018325924873,411630.5,0.019898155704140663,134.85302734375
0.02015308104455471,327632.71875,0.01756981573998928,145.4267578125
0.015775172039866447,339404.75,0.017392277717590332,86.04292297363281
0.012768872082233429,281333.78125,0.010510952211916447,91.81782531738281
0.010121493600308895,282315.53125,0.008191107772290707,70.67288208007812
