loss,mape,val_loss,val_mape
0.063494473695755,1075180.75,0.0271769892424345,307.1597595214844
0.026034116744995117,387505.625,0.019535791128873825,209.37709045410156
0.0208132266998291,294005.6875,0.0175502747297287,271.2187805175781
0.01789826899766922,305512.125,0.014629990793764591,220.04624938964844
0.014515651389956474,276105.59375,0.011183587834239006,171.15475463867188
0.012301258742809296,274042.59375,0.008843902498483658,183.0537567138672
