loss,mape,val_loss,val_mape
0.06023784354329109,486157.78125,0.03031882271170616,172.70567321777344
0.02442306838929653,173955.328125,0.020321818068623543,89.52281188964844
0.017152009531855583,161618.09375,0.0179941114038229,82.3666000366211
0.015886344015598297,122932.203125,0.017282960936427116,62.52617263793945
0.014108444564044476,109611.5859375,0.014085102826356888,74.01881408691406
0.013031842187047005,84606.3046875,0.012088198214769363,71.71686553955078
