loss,mape,val_loss,val_mape
0.057279787957668304,459363.125,0.028459599241614342,260.86029052734375
0.022475382313132286,193673.28125,0.019214196130633354,121.85188293457031
0.016692128032445908,123433.296875,0.01366380974650383,136.21731567382812
0.01422283984720707,121190.1484375,0.013955463655292988,104.47510528564453
0.014092960394918919,142453.46875,0.01188707072287798,104.04767608642578
0.011941430158913136,103486.671875,0.012816288508474827,105.66716003417969
