loss,mape,val_loss,val_mape
0.06287211179733276,5602694.0,0.02214917168021202,2174132.5
0.02459561638534069,3089813.5,0.012475697323679924,1359893.125
0.022564513608813286,2383868.75,0.013091755099594593,1391301.5
0.016281181946396828,2264436.0,0.014832248911261559,1183030.0
0.015511800535023212,2008667.625,0.012666742317378521,1193082.0
0.018396589905023575,2048074.125,0.010872645303606987,1390391.625
