loss,mape,val_loss,val_mape
0.06529931724071503,424132.03125,0.020508861169219017,225.37875366210938
0.029675960540771484,206843.59375,0.010299327783286572,168.4439239501953
0.020774904638528824,186266.625,0.00964982807636261,145.73634338378906
0.015413221903145313,205844.359375,0.010179602541029453,122.52539825439453
0.015807731077075005,174255.4375,0.011032330803573132,104.05209350585938
0.014151055365800858,165367.265625,0.008582552894949913,108.7646255493164
