loss,mape,val_loss,val_mape
0.0657184049487114,1082954.75,0.034638937562704086,252.474609375
0.025040457025170326,497946.4375,0.024910103529691696,185.51199340820312
0.020850030705332756,347997.15625,0.034794192761182785,178.3424530029297
0.018677309155464172,304862.78125,0.009489277377724648,153.8589630126953
0.01759805530309677,230148.875,0.01916688121855259,162.44049072265625
0.013219974935054779,237591.078125,0.020843226462602615,152.8540802001953
