loss,mape,val_loss,val_mape
0.06179433688521385,989136.3125,0.02358553372323513,1765022.625
0.03015271946787834,453454.5,0.02108706906437874,1322622.625
0.02214747667312622,402970.46875,0.012164182960987091,983778.1875
0.01896677166223526,368345.15625,0.01874353550374508,1005736.0625
0.016241108998656273,354631.21875,0.0136497151106596,933175.5
0.013815771788358688,313250.34375,0.016958022490143776,919409.6875
