loss,mape,val_loss,val_mape
0.06250076740980148,416215.8125,0.04461114853620529,268.1193542480469
0.031621143221855164,180459.90625,0.01586233824491501,256.263427734375
0.016269376501441002,143386.421875,0.042517296969890594,176.51177978515625
0.023051569238305092,150678.8125,0.019688308238983154,197.5577850341797
0.015502029098570347,186871.609375,0.01756836660206318,144.63348388671875
0.014074145816266537,169909.90625,0.010311748832464218,133.10397338867188
