loss,mape,val_loss,val_mape
0.07091929763555527,164424.1875,0.02528614178299904,208.0997772216797
0.02656310424208641,92613.921875,0.02053513377904892,142.4961395263672
0.022894253954291344,59476.85546875,0.015477190725505352,121.12384033203125
0.015046467073261738,56903.06640625,0.018039315938949585,109.59481048583984
0.019512729719281197,57220.34765625,0.010182094760239124,99.35554504394531
0.01839040033519268,44480.15625,0.012197181582450867,105.56340026855469
