loss,mape,val_loss,val_mape
0.061275042593479156,544638.3125,0.02690308913588524,304.5420837402344
0.03206111118197441,320118.3125,0.014432518742978573,204.4943084716797
0.02415565960109234,257531.515625,0.015437372960150242,170.92543029785156
0.0190646443516016,189838.203125,0.014325521886348724,143.99917602539062
0.017691686749458313,212444.453125,0.010366365313529968,131.25071716308594
0.01580396667122841,175830.921875,0.014918964356184006,136.5509033203125
