loss,mape,val_loss,val_mape
0.06998766213655472,1009356.0,0.0433971993625164,455.5899353027344
0.03782196342945099,379906.9375,0.0329403281211853,220.0968780517578
0.03380904719233513,325136.09375,0.029095346108078957,282.8681945800781
0.031021634116768837,332299.1875,0.027682073414325714,196.81114196777344
0.02851801924407482,324549.34375,0.020906968042254448,167.46714782714844
0.024949803948402405,321494.875,0.018257249146699905,202.6773681640625
