loss,mape,val_loss,val_mape
0.06185577064752579,213635.015625,0.03902905061841011,235.5808563232422
0.038899436593055725,149321.21875,0.02561846189200878,141.7533721923828
0.03033626824617386,85699.671875,0.026079969480633736,102.63813018798828
0.026419056579470634,78829.2890625,0.02413019724190235,115.26344299316406
0.026318877935409546,77377.1796875,0.026667840778827667,85.00105285644531
0.025231486186385155,102638.5546875,0.022738449275493622,98.78996276855469
