loss,mape,val_loss,val_mape
0.06386300176382065,660405.125,0.03558393567800522,245.04014587402344
0.030535239726305008,239216.546875,0.03283520042896271,159.11895751953125
0.029095487669110298,230295.40625,0.03361891582608223,114.67081451416016
0.0255680400878191,191655.234375,0.027314893901348114,171.4503173828125
0.02530800551176071,251038.078125,0.025742657482624054,144.60243225097656
0.02194034494459629,154285.21875,0.023295696824789047,113.65104675292969
