loss,mape,val_loss,val_mape
0.05615636333823204,489832.625,0.030739039182662964,176.01756286621094
0.02754937671124935,159622.8125,0.020917126908898354,89.53431701660156
0.02263803407549858,187127.96875,0.021151650696992874,116.05599975585938
0.02202923782169819,116957.3828125,0.022261647507548332,120.99812316894531
0.02325131557881832,181146.6875,0.01826421171426773,86.4970474243164
0.020180368795990944,163508.296875,0.01732618734240532,91.93446350097656
