loss,mape,val_loss,val_mape
0.0916799008846283,1039039.25,0.07778234779834747,374.1460876464844
0.05327047407627106,2882240.75,0.06894383579492569,418.25274658203125
0.052058733999729156,2647240.75,0.057341910898685455,756.476318359375
0.048296745866537094,2615171.5,0.04941463842988014,630.33154296875
0.04516003280878067,1864877.75,0.07816096395254135,207.07127380371094
0.040775902569293976,2164632.0,0.05299966782331467,277.8810729980469
