loss,mape,val_loss,val_mape
0.1112712025642395,277761.28125,0.07500363141298294,274.26123046875
0.05385710671544075,831053.1875,0.06617500633001328,813.4954833984375
0.052669644355773926,612394.875,0.06594441831111908,807.6802978515625
0.05622038245201111,431804.96875,0.0396263487637043,545.8341064453125
0.04314221441745758,510976.9375,0.041304148733615875,602.8525390625
0.041701409965753555,392112.28125,0.030610350891947746,467.52392578125
