loss,mape,val_loss,val_mape
0.11406932026147842,2376512.0,0.049444109201431274,666.7154541015625
0.05885254964232445,2779807.0,0.045143961906433105,605.1249389648438
0.05761134251952171,2638036.5,0.041236791759729385,619.34033203125
0.049526385962963104,2867313.25,0.03436370566487312,456.5296630859375
0.04779435321688652,1893494.125,0.05128825083374977,734.5156860351562
0.04460722208023071,1753818.625,0.03540574759244919,223.65892028808594
