loss,mape,val_loss,val_mape
0.1218089759349823,253104.15625,0.13835832476615906,156.24267578125
0.07581541687250137,629936.9375,0.056415293365716934,358.97222900390625
0.06704028695821762,250673.4375,0.049416687339544296,338.35064697265625
0.060393448919057846,754299.625,0.06930544972419739,198.7925567626953
0.04924118518829346,349821.0625,0.09827658534049988,117.86573028564453
0.04830774664878845,378357.59375,0.04077472910284996,167.81826782226562
