loss,mape,val_loss,val_mape
0.06405002623796463,525912.125,0.04122667387127876,427.3890075683594
0.029611127451062202,246894.578125,0.029725275933742523,324.2708740234375
0.01928812824189663,216514.640625,0.017992589622735977,186.91400146484375
0.01628546044230461,141522.25,0.021030865609645844,248.2151336669922
0.013793508522212505,102153.109375,0.013760902918875217,139.87892150878906
0.014234623871743679,129048.828125,0.012146010994911194,125.52589416503906
