loss,mape,val_loss,val_mape
0.06401000916957855,374495.34375,0.03071676939725876,476.2290344238281
0.031893257051706314,235667.84375,0.014884171076118946,226.2388153076172
0.020252946764230728,231364.4375,0.013320691883563995,239.42279052734375
0.01809009164571762,120279.3203125,0.011918536387383938,138.24618530273438
0.016309089958667755,118261.2890625,0.00985388271510601,193.237060546875
0.014698848128318787,126854.28125,0.011575191281735897,241.81674194335938
