loss,mape,val_loss,val_mape
0.062091127038002014,1104433.875,0.033274464309215546,207.3488311767578
0.024156171828508377,412783.71875,0.01563688926398754,74.87749481201172
0.017604103311896324,316503.53125,0.014600391499698162,113.09895324707031
0.015191241167485714,318855.3125,0.014979473315179348,108.56304168701172
0.014317607507109642,324268.0,0.013353880494832993,55.05133819580078
0.013742645271122456,281610.40625,0.010808166116476059,62.86122512817383
