loss,mape,val_loss,val_mape
0.06000225991010666,1059082.5,0.029700322076678276,217.63238525390625
0.020899716764688492,354658.96875,0.01765773817896843,119.9600830078125
0.015274793840944767,272027.28125,0.01785426400601864,96.81200408935547
0.014246868900954723,300963.8125,0.01610633172094822,94.25177001953125
0.013171670958399773,346624.71875,0.012725193984806538,103.23918151855469
0.012418399564921856,260096.5,0.010939703322947025,79.909423828125
