loss,mape,val_loss,val_mape
0.06018916890025139,649184.75,0.02176140807569027,135.91555786132812
0.020586950704455376,232157.703125,0.018078818917274475,68.87511444091797
0.016838742420077324,208347.359375,0.015105808153748512,85.14712524414062
0.014385373331606388,233976.421875,0.014821378514170647,83.82240295410156
0.014810674823820591,187071.015625,0.012951085343956947,82.62140655517578
0.011302048340439796,151121.171875,0.010657737962901592,66.53958892822266
