loss,mape,val_loss,val_mape
0.0650465115904808,629675.375,0.03063601814210415,240.55615234375
0.022417528554797173,248227.296875,0.01836439222097397,117.51545715332031
0.0168906282633543,205149.40625,0.01685439422726631,128.52581787109375
0.01540390308946371,186776.6875,0.015873555094003677,96.26431274414062
0.013148627243936062,181669.6875,0.012665784917771816,114.84329223632812
0.012858451344072819,201589.671875,0.010583947412669659,97.99347686767578
