loss,mape,val_loss,val_mape
0.12579016387462616,757619.625,0.07683155685663223,2571438.75
0.07703202962875366,1013730.25,0.10048019886016846,1665978.25
0.06682894378900528,913168.375,0.11316127330064774,1175661.375
0.06808087974786758,976683.0625,0.05489996820688248,2331765.0
0.058883655816316605,791098.625,0.042626164853572845,2335512.0
0.05203300714492798,622338.625,0.038920946419239044,2875615.25
