loss,mape,val_loss,val_mape
0.10684579610824585,2199331.75,0.032513171434402466,683.8551025390625
0.04733355715870857,1419712.125,0.04785154387354851,260.20166015625
0.04513055458664894,1355208.25,0.043806642293930054,1001.466064453125
0.04639721289277077,1566906.75,0.02751242369413376,511.27197265625
0.04282347485423088,1006099.5625,0.04032421484589577,942.037353515625
0.03843427076935768,1412773.75,0.02721681445837021,332.62237548828125
