loss,mape,val_loss,val_mape
0.150570809841156,25809.013671875,0.06299857050180435,401.8770751953125
0.09261860698461533,354399.3125,0.059170275926589966,319.59783935546875
0.07287278771400452,274604.90625,0.05154157057404518,386.6314697265625
0.06891074776649475,340764.4375,0.07866783440113068,506.06048583984375
0.06478297710418701,149323.96875,0.0315130390226841,261.0721435546875
0.05130941793322563,326076.09375,0.04691063612699509,337.81585693359375
