loss,mape,val_loss,val_mape
0.1401175707578659,985689.1875,0.05658435449004173,1937092.875
0.06426066160202026,511320.78125,0.05255316570401192,2888679.5
0.04668016359210014,633308.875,0.06797920167446136,3629544.75
0.05886571481823921,645832.25,0.06248965114355087,790973.875
0.04091440886259079,552125.5,0.08025798201560974,342772.78125
0.0432840995490551,336594.03125,0.027498818933963776,1903524.375
