loss,mape,val_loss,val_mape
0.05675843358039856,168268.21875,0.046131912618875504,218.04898071289062
0.02832905575633049,127553.9765625,0.03054957091808319,161.3371124267578
0.018113166093826294,119112.3828125,0.012396687641739845,98.91810607910156
0.018565937876701355,126379.0234375,0.006821603048592806,82.03223419189453
0.01485351100564003,110372.2578125,0.01084102876484394,98.7922592163086
0.010298654437065125,106478.7890625,0.008008817210793495,69.31761169433594
