loss,mape,val_loss,val_mape
0.07270258665084839,299413.09375,0.02224215865135193,156.63536071777344
0.028652586042881012,138928.34375,0.016581008210778236,94.46640014648438
0.024991482496261597,90838.9609375,0.006761526223272085,86.05952453613281
0.014441919513046741,128952.6875,0.0067379167303442955,70.489013671875
0.020810218527913094,98304.1171875,0.008632754907011986,74.53423309326172
0.01593261957168579,95149.3984375,0.008192425593733788,66.58892822265625
