loss,mape,val_loss,val_mape
0.0654853954911232,1826382.5,0.03240550681948662,222.94345092773438
0.03288460522890091,1214929.125,0.021027470007538795,165.25149536132812
0.02237546630203724,978316.5,0.015470814891159534,143.30604553222656
0.018221063539385796,851602.8125,0.01812445931136608,131.92105102539062
0.016268419101834297,710710.8125,0.012784901075065136,120.49993896484375
0.013461273163557053,705841.375,0.010845419950783253,113.28887176513672
