loss,mape,val_loss,val_mape
0.052887942641973495,201655.796875,0.02038539946079254,246.08775329589844
0.028085067868232727,148362.640625,0.03377064689993858,141.5819091796875
0.01862308196723461,119724.1328125,0.019248614087700844,114.46110534667969
0.013470270670950413,198628.453125,0.012550070881843567,107.8180923461914
0.013363487087190151,85323.4765625,0.007456300780177116,98.63034057617188
0.011029659770429134,140296.53125,0.005751161836087704,99.5333251953125
