loss,mape,val_loss,val_mape
0.05907654017210007,250228.765625,0.0370299331843853,116.6769027709961
0.02820306457579136,107359.2890625,0.03991718962788582,83.92864227294922
0.024897390976548195,126581.125,0.01527509093284607,79.3470687866211
0.021835006773471832,99738.40625,0.016321564093232155,80.06352996826172
0.018356971442699432,104729.4296875,0.015601171180605888,73.70570373535156
0.016461726278066635,94312.2578125,0.022089041769504547,82.23451232910156
