loss,mape,val_loss,val_mape
0.047335416078567505,398392.3125,0.017472293227910995,390.6080322265625
0.022391848266124725,259211.25,0.010500635020434856,267.8090515136719
0.017212074249982834,201941.015625,0.00825811829417944,215.56866455078125
0.014185923151671886,161607.515625,0.008720625191926956,223.13282775878906
0.010623274371027946,160993.484375,0.013662018813192844,221.95831298828125
0.010868718847632408,150159.65625,0.005775958765298128,191.3597869873047
