loss,mape,val_loss,val_mape
0.04210612550377846,247869.546875,0.03404602035880089,164.19374084472656
0.02245875634253025,225642.734375,0.015301753766834736,137.58888244628906
0.016862614080309868,203171.59375,0.019787687808275223,113.54933166503906
0.0158696249127388,211199.421875,0.0074860937893390656,117.6913833618164
0.010968372225761414,139244.640625,0.011347832158207893,103.89494323730469
0.013051031157374382,125996.40625,0.010528613813221455,92.88090515136719
