loss,mape,val_loss,val_mape
0.07564526051282883,595497.25,0.046835631132125854,124.40911102294922
0.031254351139068604,365747.4375,0.048362117260694504,80.5003890991211
0.025789307430386543,227515.3125,0.02590121142566204,67.15262603759766
0.022240255028009415,205801.125,0.028315024450421333,64.59586334228516
0.01844213530421257,232478.421875,0.02172251045703888,82.27030181884766
0.018653851002454758,186027.53125,0.011349381878972054,66.42647552490234
