loss,mape,val_loss,val_mape
0.05989837273955345,181191.234375,0.01744680292904377,39.039485931396484
0.028912721201777458,96811.171875,0.0138059351593256,28.032472610473633
0.0216560997068882,49843.484375,0.017990978434681892,26.15741729736328
0.02075278013944626,74749.9375,0.01899571157991886,25.64339828491211
0.015377768315374851,48062.796875,0.017757540568709373,23.848041534423828
0.018004005774855614,57467.609375,0.01487300917506218,21.993022918701172
