loss,mape,val_loss,val_mape
0.06357970833778381,555476.75,0.05835111066699028,121.804931640625
0.03556293994188309,373918.75,0.015319770202040672,102.26176452636719
0.019046064466238022,276988.59375,0.013345999643206596,76.96617889404297
0.017635585740208626,319119.03125,0.010925643146038055,72.00054168701172
0.017205042764544487,247825.296875,0.009078148752450943,66.96967315673828
0.01471726130694151,263867.09375,0.01115194521844387,63.906124114990234
