loss,mape,val_loss,val_mape
0.11228252947330475,2669857.75,0.051307179033756256,5013590.0
0.06738459318876266,4488807.0,0.04516321420669556,4911403.5
0.06446901708841324,3955957.25,0.042278800159692764,3602819.75
0.053639572113752365,3212696.5,0.030066119506955147,3663110.75
0.04698356240987778,3451855.5,0.02794295735657215,4530142.5
0.05357914790511131,2216601.25,0.034957632422447205,4821140.5
