loss,mape,val_loss,val_mape
0.12735620141029358,24577.02734375,0.07149608433246613,276.98828125
0.06579567492008209,269041.28125,0.05696471035480499,362.3819274902344
0.06665072590112686,287630.4375,0.053593602031469345,377.84552001953125
0.05648726969957352,205356.984375,0.04260267689824104,303.3846130371094
0.053000014275312424,263327.9375,0.04073234647512436,320.5552062988281
0.04682047292590141,94566.7109375,0.042804449796676636,320.59912109375
