loss,mape,val_loss,val_mape
0.059631235897541046,4625395.0,0.03027539886534214,3844027.0
0.028414221480488777,2567698.5,0.0159797091037035,2592615.75
0.02361495979130268,2110512.25,0.01430429331958294,2140169.25
0.0201715175062418,2006778.375,0.007619195152074099,1647268.25
0.018326204270124435,1747818.5,0.011031499132514,1809216.375
0.01655845157802105,1740825.375,0.006785687990486622,1754793.25
