loss,mape,val_loss,val_mape
0.06810425966978073,179680.171875,0.030329005792737007,286.8994445800781
0.031031569465994835,128048.4453125,0.026952505111694336,219.45010375976562
0.02179083041846752,77681.234375,0.0210227333009243,183.31005859375
0.018700841814279556,54162.890625,0.014190603978931904,150.02870178222656
0.015262151136994362,53097.12109375,0.011306439526379108,138.2110137939453
0.013132736086845398,56781.2421875,0.016899963840842247,139.82928466796875
