loss,mape,val_loss,val_mape
0.06342872977256775,189762.734375,0.03743606433272362,209.25454711914062
0.03714609146118164,133237.328125,0.03773365542292595,122.9968032836914
0.0304994098842144,79721.8515625,0.03144657984375954,151.0463409423828
0.027421971783041954,82470.7578125,0.030752386897802353,120.8138427734375
0.02659725584089756,109833.0234375,0.02472938410937786,140.28709411621094
0.022300157696008682,60684.25,0.025316147133708,100.67816925048828
