loss,mape,val_loss,val_mape
0.06434114277362823,121636.375,0.03802743926644325,254.07168579101562
0.03629292547702789,64098.4453125,0.028341591358184814,120.0903091430664
0.030459553003311157,97089.7421875,0.026463748887181282,104.20793151855469
0.0302949920296669,107261.359375,0.02320975624024868,138.61404418945312
0.02528703212738037,92063.1953125,0.029355717822909355,83.6163101196289
0.025127246975898743,57744.47265625,0.020950501784682274,160.34996032714844
