loss,mape,val_loss,val_mape
0.06978905200958252,480602.5,0.038392193615436554,237.96258544921875
0.038107894361019135,202502.5625,0.03306273743510246,161.61898803710938
0.031982846558094025,198534.484375,0.03060552105307579,148.965087890625
0.030142126604914665,150499.515625,0.02816062606871128,119.42561340332031
0.02627052366733551,195184.203125,0.02438715659081936,111.55764770507812
0.023213716223835945,133972.28125,0.021806949749588966,121.05303192138672
