loss,mape,val_loss,val_mape
0.06526298075914383,515732.03125,0.02681064046919346,236.210693359375
0.036310113966464996,257497.984375,0.02468263916671276,147.63050842285156
0.03352540358901024,189845.21875,0.02308114618062973,144.09815979003906
0.02795455791056156,156711.578125,0.021220630034804344,141.3637237548828
0.026066012680530548,120956.1171875,0.019154008477926254,139.9183807373047
0.023416077718138695,141659.125,0.015899190679192543,139.16104125976562
