loss,mape,val_loss,val_mape
0.07970482110977173,2916967.0,0.04862034320831299,322.8296203613281
0.03870576620101929,1140534.625,0.039010122418403625,290.0859680175781
0.03436356410384178,961362.125,0.027090640738606453,161.35076904296875
0.030560726299881935,812352.0625,0.031105808913707733,110.57508850097656
0.03132375702261925,770770.8125,0.025824707001447678,186.9945526123047
0.026131639257073402,736540.625,0.02151353284716606,149.35255432128906
