loss,mape,val_loss,val_mape
0.07817410677671432,2476989.75,0.03933267667889595,346.6094665527344
0.036447446793317795,1086792.0,0.03611534833908081,241.92127990722656
0.03284123167395592,794723.75,0.03357262909412384,230.46128845214844
0.030156420543789864,696166.25,0.03172999620437622,214.80514526367188
0.027196787297725677,698276.4375,0.028017254546284676,266.0450744628906
0.026622481644153595,724727.5,0.024041855707764626,227.04100036621094
