loss,mape,val_loss,val_mape
0.07921911031007767,413950.15625,0.051467813551425934,188.23370361328125
0.037572771310806274,264186.125,0.02410285361111164,127.1690444946289
0.02401215210556984,195055.390625,0.021829897537827492,121.08538818359375
0.021569006145000458,143848.296875,0.03161386400461197,67.6806869506836
0.022105485200881958,133938.5,0.02032904140651226,124.30577087402344
0.019537214189767838,99752.5625,0.018164221197366714,100.06617736816406
