loss,mape,val_loss,val_mape
0.0793575644493103,245940.28125,0.05876793712377548,2092343.25
0.03500399366021156,101542.109375,0.024807488545775414,1485423.375
0.02311483956873417,59352.421875,0.025790436193346977,969687.0
0.020564241334795952,43417.86328125,0.019914565607905388,1104753.625
0.020723870024085045,53854.625,0.01824759878218174,991171.5625
0.01944641023874283,36819.65234375,0.017944198101758957,1300298.875
