loss,mape,val_loss,val_mape
0.061200227588415146,252973.046875,0.03443659469485283,277.2723693847656
0.02729269489645958,111144.5,0.017721328884363174,117.7644271850586
0.019732650369405746,66840.6328125,0.015167806297540665,107.94983673095703
0.01717345416545868,68233.53125,0.015296406112611294,103.6808853149414
0.016539374366402626,72437.8828125,0.01614822819828987,85.93427276611328
0.013165309093892574,62608.8203125,0.010862443596124649,114.58631134033203
