loss,mape,val_loss,val_mape
0.05997738242149353,225096.875,0.024511046707630157,151.66073608398438
0.023817265406250954,75211.8515625,0.016755154356360435,69.5237045288086
0.018366776406764984,65574.15625,0.01321600005030632,78.55573272705078
0.01616731472313404,69699.390625,0.012729708105325699,79.7260971069336
0.014506280422210693,57539.70703125,0.009684900753200054,67.8219985961914
0.011378530412912369,46893.79296875,0.009909877553582191,52.134239196777344
