loss,mape,val_loss,val_mape
0.06605500727891922,3652516.0,0.022851962596178055,140.82876586914062
0.024937834590673447,1220670.25,0.01790817640721798,114.34333801269531
0.019806018099188805,1109247.5,0.015044973231852055,118.46578979492188
0.017283663153648376,1019679.6875,0.014756227843463421,128.93162536621094
0.014042437076568604,916282.625,0.011740612797439098,66.8232192993164
0.012731785885989666,966527.125,0.011590173467993736,55.430145263671875
