loss,mape,val_loss,val_mape
0.06717736274003983,3619863.5,0.031570885330438614,1421792.0
0.025186164304614067,1181086.25,0.023943528532981873,1211526.625
0.0215071402490139,983120.5625,0.021955320611596107,823787.375
0.017663756385445595,914117.6875,0.016612576320767403,1148057.25
0.014649446122348309,912552.625,0.013737693428993225,1116397.375
0.012882229872047901,905020.875,0.012800381518900394,955013.0625
