loss,mape,val_loss,val_mape
0.05410167574882507,203761.640625,0.02273528464138508,126.29331970214844
0.019185800105333328,88303.65625,0.015285205096006393,91.88621520996094
0.014576143585145473,75442.3046875,0.013973156921565533,68.70682525634766
0.012963616289198399,79325.640625,0.012288602069020271,74.49163818359375
0.012290465645492077,85011.3828125,0.010810593143105507,68.49339294433594
0.009438575245440006,76056.34375,0.012443599291145802,93.00286865234375
