loss,mape,val_loss,val_mape
0.061111561954021454,204233.28125,0.04564556106925011,184.20059204101562
0.023561671376228333,127750.6015625,0.0277538001537323,73.63554382324219
0.017832236364483833,82917.9375,0.02020716667175293,90.62298583984375
0.015368926338851452,81878.9375,0.019879017025232315,74.64535522460938
0.013559647835791111,48323.15234375,0.016678258776664734,79.83450317382812
0.012124735862016678,54009.61328125,0.013481946662068367,74.81339263916016
