loss,mape,val_loss,val_mape
0.05044611915946007,94348.8671875,0.017908168956637383,191.6063232421875
0.025343164801597595,125535.2890625,0.020363738760352135,200.92469787597656
0.020418651401996613,74513.4296875,0.042141519486904144,133.62545776367188
0.01796598918735981,69248.859375,0.04542439058423042,126.49024200439453
0.017451087012887,65887.0859375,0.015877140685915947,99.8284912109375
0.014556631445884705,66989.9765625,0.009482523426413536,110.41865539550781
