loss,mape,val_loss,val_mape
0.06628735363483429,4857302.5,0.06650164723396301,1285573.75
0.03350212424993515,2137444.75,0.016745848581194878,1234411.0
0.020590737462043762,1820128.875,0.01343990582972765,1097992.75
0.01692410744726658,1506689.375,0.021066416054964066,1024710.875
0.015623779967427254,1462066.75,0.011786849237978458,995544.0625
0.013825801201164722,1334041.125,0.00820924062281847,964518.625
