loss,mape,val_loss,val_mape
0.07669457048177719,1312638.125,0.02749895490705967,326.4950256347656
0.030721567571163177,940065.1875,0.015864117071032524,187.00816345214844
0.021328622475266457,711665.75,0.012404302135109901,153.7801055908203
0.013307085260748863,489975.53125,0.024815088137984276,139.91415405273438
0.02043476141989231,487508.0,0.009508372284471989,133.84410095214844
0.013309680856764317,459699.8125,0.013353290036320686,124.62366485595703
