loss,mape,val_loss,val_mape
0.09864649921655655,12029.5029296875,0.04579925164580345,328.4700927734375
0.05090728774666786,147069.75,0.0758332759141922,149.25357055664062
0.04598279297351837,153552.828125,0.06336381286382675,161.3972930908203
0.050113242119550705,177511.28125,0.035484351217746735,273.26190185546875
0.041042760014534,21240.939453125,0.030912399291992188,222.94754028320312
0.04682553932070732,95309.8828125,0.027094542980194092,206.34092712402344
