loss,mape,val_loss,val_mape
0.11769730597734451,3968542.75,0.06531669944524765,3378941.25
0.08380881696939468,3791884.75,0.06297970563173294,6869651.5
0.06591084599494934,3923658.0,0.07236747443675995,7521325.0
0.060079362243413925,3147867.0,0.04289994761347771,5285782.0
0.05012879520654678,2574822.0,0.042009755969047546,5049966.0
0.045953016728162766,2090023.25,0.031556129455566406,3879021.0
