loss,mape,val_loss,val_mape
0.13119420409202576,1322907.125,0.1318967491388321,896863.125
0.08953714370727539,1044479.9375,0.08049692213535309,3899038.5
0.07054325938224792,1287314.5,0.0857408195734024,4242861.5
0.06671856343746185,1203656.25,0.05324506387114525,2901933.5
0.058635104447603226,870078.1875,0.04977542534470558,1435524.875
0.05010106787085533,986225.3125,0.03245628625154495,1470005.25
