loss,mape,val_loss,val_mape
0.07582426816225052,2554774.25,0.05797461420297623,850.6617431640625
0.04278663918375969,1526298.75,0.04209310561418533,763.3746337890625
0.03451268747448921,1109007.625,0.03724861517548561,329.2709655761719
0.033119626343250275,770553.9375,0.03520631045103073,326.6062316894531
0.03142138570547104,750275.4375,0.03100852482020855,468.4985046386719
0.029300395399332047,795342.625,0.030919991433620453,554.7349243164062
