loss,mape,val_loss,val_mape
0.07788219302892685,2448528.75,0.04503421112895012,715.7313842773438
0.04093682020902634,1463788.0,0.038410577923059464,560.3990478515625
0.03304683417081833,993551.1875,0.027091585099697113,347.87255859375
0.03005027025938034,811992.875,0.029889831319451332,444.5915832519531
0.02892851084470749,750699.9375,0.02239060588181019,260.8503723144531
0.026182351633906364,740141.625,0.022384406998753548,362.9212646484375
