loss,mape,val_loss,val_mape
0.08463919162750244,4315471.0,0.03830770403146744,4800161.5
0.04065079241991043,1564386.375,0.0317922905087471,2875733.75
0.035271722823381424,1178760.0,0.03157313913106918,1827632.375
0.033567916601896286,1120221.0,0.029669618234038353,1483546.0
0.03067765198647976,1037112.5625,0.02696988917887211,1456753.0
0.027875443920493126,942378.5625,0.025027038529515266,2605277.25
