loss,mape,val_loss,val_mape
0.08190549910068512,4302235.5,0.047924306243658066,2275413.75
0.03996244817972183,1476203.5,0.041082799434661865,1597336.125
0.03464997187256813,1323679.5,0.04252391308546066,1916208.375
0.03320147469639778,1405343.375,0.040678270161151886,1466913.125
0.03210960328578949,1267699.625,0.03466605395078659,1085424.125
0.029418472200632095,1005350.25,0.032887838780879974,1426421.25
