loss,mape,val_loss,val_mape
0.07371534407138824,2794837.25,0.03336920961737633,192.71475219726562
0.03233461454510689,1276577.75,0.02909407950937748,71.07821655273438
0.027859671041369438,1053530.625,0.024596842005848885,121.32424926757812
0.027147937566041946,1076188.125,0.023618051782250404,83.0250244140625
0.027056384831666946,1069364.75,0.02172807604074478,87.26679229736328
0.023109810426831245,1000772.3125,0.027368133887648582,63.296226501464844
