loss,mape,val_loss,val_mape
0.07416978478431702,2840346.5,0.03261324018239975,188.67166137695312
0.03192097321152687,1227737.375,0.025344744324684143,143.5871124267578
0.027861548587679863,1142247.75,0.023433364927768707,107.28897857666016
0.028528358787298203,1079450.375,0.0225972943007946,132.9725341796875
0.025666018947958946,961790.0,0.020817184820771217,122.8008041381836
0.023297859355807304,1009772.75,0.02864624746143818,65.74669647216797
