loss,mape,val_loss,val_mape
0.06272602081298828,91465848.0,0.016601545736193657,42291600.0
0.022538673132658005,39620968.0,0.016288645565509796,28562338.0
0.020930957049131393,33913648.0,0.017741026356816292,20436208.0
0.02069859579205513,30556328.0,0.016651544719934464,42621928.0
0.02013692632317543,30664414.0,0.013473661616444588,23225492.0
0.020907703787088394,28487618.0,0.01267203502357006,28621936.0
