loss,mape,val_loss,val_mape
0.06855151802301407,347053.3125,0.023178648203611374,191.1531524658203
0.01988464780151844,326782.3125,0.05142589285969734,212.2851104736328
0.024052180349826813,230865.859375,0.011897356249392033,119.49714660644531
0.020749738439917564,190526.734375,0.006770677398890257,87.09693908691406
0.01683741807937622,150478.4375,0.007529126945883036,93.16142272949219
0.013195673935115337,174798.0,0.011355019174516201,114.93413543701172
