loss,mape,val_loss,val_mape
0.06359486281871796,580917.625,0.05517484247684479,207.99630737304688
0.036250319331884384,446347.21875,0.012239113450050354,192.11395263671875
0.02258472703397274,396387.5625,0.010795469395816326,141.9210662841797
0.016720440238714218,272215.53125,0.007120405789464712,127.01312255859375
0.015802506357431412,223877.109375,0.007126864977180958,121.51317596435547
0.013360611163079739,218164.34375,0.006961050443351269,108.50202941894531
