loss,mape,val_loss,val_mape
0.06783270835876465,466188.0,0.02331637218594551,137.32020568847656
0.028206590563058853,239963.234375,0.01391731295734644,86.6051025390625
0.0254408810287714,255343.21875,0.01641315221786499,81.3580322265625
0.022311009466648102,101369.8046875,0.01844746060669422,81.3157958984375
0.0174691341817379,203757.109375,0.028868021443486214,95.23664093017578
0.017712479457259178,154741.359375,0.013517240062355995,72.68787384033203
