loss,mape,val_loss,val_mape
0.06995721906423569,1658898.375,0.0393204391002655,2465561.25
0.029565660282969475,988351.75,0.023724855855107307,988234.75
0.020932234823703766,508528.53125,0.021271415054798126,900574.0
0.01915261708199978,531785.5,0.019193682819604874,805666.1875
0.016329262405633926,439759.625,0.01857566647231579,742349.8125
0.014980833977460861,405016.78125,0.01476034801453352,717444.625
