loss,mape,val_loss,val_mape
0.06582135707139969,1732965.75,0.028247680515050888,2381196.75
0.027321020141243935,695076.875,0.013642319478094578,1216005.625
0.019762469455599785,517384.46875,0.012376868166029453,884299.75
0.017854148522019386,492132.0625,0.01549059059470892,1366944.75
0.01531270332634449,501151.53125,0.013283198699355125,700736.0625
0.015433499589562416,473520.59375,0.009816729463636875,848036.6875
