loss,mape,val_loss,val_mape
0.0766352042555809,6429616.5,0.04639654979109764,7765329.5
0.035123687237501144,3209616.25,0.02679034322500229,3770840.75
0.026773298159241676,2177636.5,0.02266658842563629,3575720.0
0.02358339913189411,1928311.875,0.019891634583473206,3460635.5
0.021748028695583344,1937705.75,0.01840389519929886,2684227.5
0.01926475577056408,1746276.5,0.015709832310676575,2933158.25
