loss,mape,val_loss,val_mape
0.07388022541999817,6839901.0,0.04047528654336929,791.1912841796875
0.039665840566158295,4233081.0,0.021285951137542725,429.1756286621094
0.028062567114830017,2613623.25,0.018238551914691925,275.7840270996094
0.02479364350438118,2249099.75,0.015167947858572006,337.33251953125
0.022179100662469864,2087778.125,0.013903739862143993,293.5553894042969
0.021446913480758667,1846836.625,0.013068829663097858,306.2135314941406
