loss,mape,val_loss,val_mape
0.07027271389961243,1217226.625,0.026757998391985893,342.5601501464844
0.02255902998149395,436592.5625,0.022415362298488617,216.14381408691406
0.018380016088485718,357566.25,0.015496074222028255,118.39717102050781
0.016032729297876358,289477.875,0.015481890179216862,109.14580535888672
0.01376029197126627,330824.5,0.011428192257881165,135.65406799316406
0.011443665251135826,324472.9375,0.010364712215960026,136.5126953125
