loss,mape,val_loss,val_mape
0.06886902451515198,1074463.75,0.028410708531737328,2255291.0
0.023227840662002563,362788.03125,0.01848590187728405,972776.625
0.018025724217295647,294842.5625,0.017239738255739212,887482.0
0.015252099372446537,245200.8125,0.018755897879600525,1150425.0
0.01381401065737009,258189.453125,0.014467664062976837,864452.125
0.011600036174058914,236564.0625,0.0144312409684062,1052935.5
