loss,mape,val_loss,val_mape
0.07045786082744598,5758665.0,0.026932761073112488,157.99813842773438
0.02382383495569229,1835243.625,0.02269027940928936,134.83587646484375
0.019626434892416,1503300.5,0.025523407384753227,143.45298767089844
0.01823926903307438,1535871.125,0.019513100385665894,152.8556365966797
0.015498554334044456,1470958.0,0.015295115299522877,98.90166473388672
0.013886971399188042,1358934.375,0.015872685238718987,96.02246856689453
