loss,mape,val_loss,val_mape
0.07213002443313599,5713477.0,0.027747858315706253,1854055.625
0.02494802325963974,1854043.375,0.021742329001426697,1416853.75
0.021143916994333267,1786588.625,0.019227273762226105,1345453.125
0.018980801105499268,1519621.875,0.016432739794254303,1374794.625
0.01563139259815216,1434075.875,0.01574556715786457,1278688.5
0.01403921190649271,1306493.25,0.011943492107093334,1138702.125
