loss,mape,val_loss,val_mape
0.06142239272594452,465999.59375,0.03990736976265907,332.38726806640625
0.0376039482653141,377696.84375,0.01877877302467823,169.9062042236328
0.02795983850955963,179788.9375,0.017859850078821182,127.24112701416016
0.027081534266471863,136794.34375,0.01883263699710369,161.12283325195312
0.02493727207183838,163003.203125,0.015219236724078655,109.29057312011719
0.021657774224877357,111924.4765625,0.024470318108797073,202.02967834472656
