loss,mape,val_loss,val_mape
0.0736427828669548,1199109.375,0.0423453152179718,3693417.75
0.03756483271718025,452943.1875,0.03318984806537628,3369583.5
0.03091892972588539,371624.59375,0.03101225383579731,2776868.0
0.03034333325922489,324349.75,0.036986593157052994,1651790.375
0.02818853035569191,282920.15625,0.028322575613856316,1736644.125
0.027271749451756477,294611.6875,0.027499210089445114,1364757.5
