loss,mape,val_loss,val_mape
0.05609937757253647,243418.546875,0.037980712950229645,145.15301513671875
0.03142821416258812,122430.7578125,0.03212194889783859,93.12517547607422
0.026537582278251648,66507.59375,0.04166523739695549,62.49954605102539
0.027593549340963364,72990.796875,0.032903995364904404,76.02789306640625
0.025025248527526855,88382.078125,0.03033229149878025,118.56272888183594
0.023060064762830734,74574.828125,0.0239426139742136,81.24948120117188
