loss,mape,val_loss,val_mape
0.06873457878828049,1836088.75,0.03905472159385681,535.5150146484375
0.02799198031425476,922822.3125,0.020965181291103363,203.97952270507812
0.01811879687011242,497707.9375,0.017260711640119553,231.8202667236328
0.017346180975437164,508688.25,0.018028128892183304,184.0463409423828
0.01515217125415802,418640.625,0.01503171306103468,202.6056671142578
0.013941831886768341,414857.21875,0.013542830012738705,158.3524169921875
