loss,mape,val_loss,val_mape
0.06938214600086212,1824022.625,0.04196951538324356,495.503662109375
0.027563301846385002,778199.1875,0.023433860391378403,175.31370544433594
0.019041506573557854,509740.0625,0.020433152094483376,184.69772338867188
0.01611712947487831,427251.625,0.01765528693795204,168.99940490722656
0.014404231682419777,422340.8125,0.015695471316576004,193.19003295898438
0.012485581450164318,392266.9375,0.01702098175883293,109.98683166503906
