loss,mape,val_loss,val_mape
0.060343679040670395,984392.0625,0.02063581347465515,160.6605682373047
0.01984631083905697,302272.8125,0.017740515992045403,129.7441864013672
0.0184317734092474,263274.78125,0.014956148341298103,115.19620513916016
0.014441677369177341,187925.984375,0.013892936520278454,75.0142593383789
0.013492229394614697,165319.21875,0.011189216747879982,84.26825714111328
0.010724714957177639,197368.859375,0.010319184511899948,79.30253601074219
