loss,mape,val_loss,val_mape
0.05445268750190735,671446.5625,0.028212135657668114,179.3501739501953
0.01918741874396801,250001.265625,0.021595638245344162,114.5755844116211
0.016065167263150215,234831.390625,0.01793093793094158,128.691162109375
0.014861582778394222,229177.0,0.015868598595261574,136.120361328125
0.012467052787542343,211029.15625,0.012627972289919853,102.703125
0.011023695580661297,250016.09375,0.010857042856514454,120.3677978515625
