loss,mape,val_loss,val_mape
0.07065782696008682,197324.953125,0.04927772283554077,574.1261596679688
0.03642962872982025,165754.828125,0.020188376307487488,219.31631469726562
0.029383543878793716,65879.0234375,0.021397115662693977,277.5198974609375
0.026456907391548157,71366.7109375,0.018246810883283615,219.78936767578125
0.025303611531853676,81269.0,0.020469609647989273,264.29339599609375
0.024153970181941986,57355.6796875,0.017746424302458763,247.81590270996094
