loss,mape,val_loss,val_mape
0.07215604931116104,241907.90625,0.046136461198329926,390.7482604980469
0.037805236876010895,132430.59375,0.023071173578500748,189.94033813476562
0.029359010979533195,47359.40625,0.020728427916765213,140.4995880126953
0.02656526304781437,69459.640625,0.02044045366346836,171.18856811523438
0.02538163587450981,42672.0859375,0.019280660897493362,169.6116943359375
0.024706227704882622,87513.5234375,0.017560333013534546,112.4808578491211
