loss,mape,val_loss,val_mape
0.08392617106437683,5836316.5,0.04265587031841278,2889200.5
0.035563163459300995,2359682.0,0.02524031698703766,860158.0
0.029435066506266594,1381964.625,0.028942937031388283,594283.1875
0.028014330193400383,1302467.875,0.020873431116342545,886717.4375
0.025949059054255486,1374643.125,0.019022192806005478,804092.375
0.02377135492861271,1178694.75,0.01825062744319439,1131772.625
