loss,mape,val_loss,val_mape
0.08599884063005447,5898168.0,0.0377732552587986,5347667.0
0.035735126584768295,2107551.25,0.024442987516522408,2293655.0
0.028846928849816322,1308483.0,0.022490307688713074,1627854.75
0.02692689746618271,1209224.75,0.024162575602531433,2456112.75
0.02572423592209816,1148555.75,0.01895649917423725,1776685.0
0.023211529478430748,1094769.25,0.022099867463111877,2446362.25
