loss,mape,val_loss,val_mape
0.06792695075273514,1450370.5,0.0332658626139164,2256441.5
0.03045370802283287,538857.9375,0.02378131076693535,1329487.625
0.027112452313303947,435411.9375,0.02118089608848095,741955.5
0.02602880820631981,430091.21875,0.020500963553786278,717314.6875
0.023814965039491653,429150.3125,0.01804305799305439,1125682.75
0.021885180845856667,398601.3125,0.016374165192246437,1263034.875
