loss,mape,val_loss,val_mape
0.07514011114835739,1786911.875,0.031848035752773285,246.14430236816406
0.030766306445002556,619093.5,0.03686176612973213,117.58296203613281
0.0272307638078928,458612.125,0.028028573840856552,178.18142700195312
0.02560892328619957,458963.71875,0.03025064989924431,127.35774230957031
0.023210987448692322,377738.9375,0.029798276722431183,96.9012680053711
0.022340111434459686,577181.25,0.020894905552268028,122.55154418945312
