loss,mape,val_loss,val_mape
0.06989377737045288,201347.734375,0.0448424369096756,3380374.75
0.037295181304216385,176094.1875,0.029819102957844734,1649113.625
0.02710348181426525,92671.1328125,0.0242885984480381,1487148.625
0.024993978440761566,63653.1484375,0.02365906722843647,1234112.25
0.02409161441028118,56744.546875,0.023235727101564407,1087729.375
0.021733352914452553,67639.6484375,0.021544791758060455,1206337.125
