loss,mape,val_loss,val_mape
0.06566139310598373,1196492.125,0.032314006239175797,189.86672973632812
0.029616212472319603,475517.0,0.030712012201547623,121.0868911743164
0.023560913279652596,291091.8125,0.027699850499629974,89.3343734741211
0.021577786654233932,300109.875,0.02645808458328247,80.69429016113281
0.022341858595609665,290579.53125,0.02564624696969986,73.75883483886719
0.02066539227962494,331588.03125,0.025352520868182182,65.03773498535156
