loss,mape,val_loss,val_mape
0.06524662673473358,734056.0,0.02604982815682888,166.88717651367188
0.03012237884104252,264896.625,0.02430902048945427,128.32029724121094
0.027095580473542213,233756.765625,0.023932483047246933,117.49244689941406
0.026092659682035446,149602.921875,0.02143954671919346,121.0013656616211
0.02395777963101864,153635.25,0.019924232736229897,158.38877868652344
0.022715695202350616,216708.203125,0.02350781299173832,187.4575653076172
