loss,mape,val_loss,val_mape
0.059957876801490784,517418.0,0.026298198848962784,2127917.5
0.024672120809555054,166975.390625,0.020468462258577347,1627707.125
0.020045803859829903,150171.453125,0.01715840771794319,1295144.375
0.01714969426393509,118873.9609375,0.014267351478338242,1036088.5625
0.014497031457722187,126254.4296875,0.01169728022068739,963645.5625
0.012485972605645657,102759.140625,0.009503771550953388,1003908.6875
