loss,mape,val_loss,val_mape
0.061556365340948105,712090.6875,0.03182069584727287,159.10426330566406
0.024593275040388107,272142.96875,0.02627594582736492,89.33502960205078
0.01868685893714428,217376.453125,0.02348412573337555,65.27371978759766
0.016933325678110123,203331.4375,0.020341111347079277,73.14423370361328
0.013600436970591545,173286.28125,0.01708192564547062,60.70331954956055
0.011291434057056904,158198.9375,0.011923415586352348,99.65154266357422
