loss,mape,val_loss,val_mape
0.07093848288059235,2658542.0,0.024918094277381897,4580254.0
0.026466360315680504,1367067.875,0.017286911606788635,3826948.0
0.018596014007925987,1168207.875,0.014756163582205772,1460342.625
0.014504869468510151,771229.125,0.010950458236038685,2242082.5
0.014054796658456326,691151.1875,0.0104767931625247,2308975.25
0.012098194099962711,681706.25,0.013726471923291683,2665450.75
