loss,mape,val_loss,val_mape
0.07255812734365463,3659525.75,0.03163187950849533,1147.4219970703125
0.024232184514403343,1640871.625,0.023028647527098656,920.9630737304688
0.017119918018579483,1231397.125,0.01659739390015602,485.418701171875
0.013861753977835178,1109089.75,0.014686099253594875,382.1441345214844
0.013143987394869328,843652.4375,0.013567388989031315,471.3032531738281
0.010800128802657127,825662.375,0.014121893793344498,562.7269287109375
