loss,mape,val_loss,val_mape
0.05923023074865341,470214.46875,0.026487097144126892,161.13095092773438
0.02203955687582493,221789.359375,0.02185189537703991,102.95767211914062
0.01782505214214325,135239.78125,0.020323744043707848,114.56285858154297
0.01623295247554779,191055.515625,0.01627913862466812,78.44313049316406
0.01325590442866087,151864.40625,0.012842439115047455,87.2451400756836
0.011487009935081005,174538.078125,0.01013337541371584,74.58846282958984
