loss,mape,val_loss,val_mape
0.0596061609685421,488451.1875,0.021271023899316788,158.9373779296875
0.02112274058163166,189550.109375,0.01507893018424511,105.71409606933594
0.017321258783340454,177846.953125,0.012414542026817799,77.17420196533203
0.014592875726521015,163139.65625,0.012989576905965805,74.66361999511719
0.012317813001573086,170135.375,0.0119708850979805,78.17942810058594
0.010545660741627216,158220.0,0.009503011591732502,75.19365692138672
