loss,mape,val_loss,val_mape
0.06205087900161743,1419700.0,0.026085102930665016,2711489.0
0.02356112003326416,609908.75,0.015066971071064472,1436502.5
0.016830408945679665,374088.5625,0.014509501866996288,1123164.375
0.016473058611154556,338515.71875,0.014081076718866825,922274.375
0.01412703562527895,364552.78125,0.011624114587903023,1298074.0
0.013587336987257004,334972.0,0.011334242299199104,1043781.125
