loss,mape,val_loss,val_mape
0.05824461951851845,1494992.875,0.020552264526486397,217.26055908203125
0.019486263394355774,503388.875,0.012572121806442738,109.7931137084961
0.014921057038009167,404800.59375,0.010766567662358284,111.40599060058594
0.014203513041138649,430634.71875,0.009655844420194626,111.57001495361328
0.011742843315005302,376344.90625,0.011647357605397701,128.79393005371094
0.011877170763909817,349529.59375,0.01140022836625576,138.08851623535156
