loss,mape,val_loss,val_mape
0.056413229554891586,11973155.0,0.03350318968296051,4139776.0
0.024959279224276543,6461641.0,0.0226089246571064,2170107.0
0.021204542368650436,4902341.0,0.01603851653635502,2092949.875
0.017253879457712173,4647555.0,0.019670234993100166,1917673.625
0.013235455378890038,4384710.5,0.03730309382081032,1317370.125
0.01296023279428482,3671683.25,0.022677898406982422,1223398.0
