loss,mape,val_loss,val_mape
0.04752060025930405,178110.4375,0.03883884474635124,250.6914825439453
0.028681444004178047,109757.0703125,0.015882106497883797,312.25189208984375
0.02152629941701889,73307.5703125,0.014086920768022537,270.77178955078125
0.020834796130657196,30395.375,0.012446550652384758,193.98159790039062
0.017160305753350258,57093.4296875,0.015840666368603706,164.9249267578125
0.016189411282539368,92489.484375,0.008464502170681953,187.94834899902344
