loss,mape,val_loss,val_mape
0.06290478259325027,4816107.5,0.022894296795129776,1401373.25
0.02539691887795925,2151687.5,0.013297874480485916,1002405.25
0.019695395603775978,1727979.25,0.007800837513059378,916538.9375
0.018346283584833145,1351130.25,0.02463170327246189,1096800.375
0.017250381410121918,1510683.125,0.012580148875713348,884976.3125
0.014913763850927353,1446122.75,0.009521122090518475,878135.4375
