loss,mape,val_loss,val_mape
0.05566156655550003,350985.15625,0.02763531543314457,245.97764587402344
0.029906146228313446,315576.78125,0.018553318455815315,177.79830932617188
0.02870507352054119,201069.671875,0.01700550504028797,176.0037078857422
0.02023446187376976,180614.390625,0.02478662133216858,194.1229705810547
0.019560808315873146,176746.140625,0.014276898466050625,140.8621826171875
0.018366588279604912,157089.078125,0.013146775774657726,137.34075927734375
