loss,mape,val_loss,val_mape
0.05538325011730194,285848.8125,0.048481713980436325,402.3124084472656
0.03250584751367569,162186.140625,0.015730872750282288,249.5835723876953
0.020555008202791214,154896.78125,0.017158251255750656,222.34230041503906
0.01835758239030838,155587.390625,0.010252396576106548,185.019287109375
0.014182649552822113,105588.5,0.008864155039191246,177.49002075195312
0.012401043437421322,119969.40625,0.01242278516292572,157.6668701171875
