loss,mape,val_loss,val_mape
0.06130407005548477,1474772.375,0.03997347503900528,244.07754516601562
0.02457685023546219,881982.375,0.021463511511683464,165.6015167236328
0.020303823053836823,736059.0,0.012013395316898823,120.14828491210938
0.018204588443040848,675278.6875,0.011063734069466591,99.76038360595703
0.012923290953040123,556987.625,0.018909864127635956,121.77616119384766
0.018072905018925667,454069.09375,0.01152014173567295,100.26400756835938
