loss,mape,val_loss,val_mape
0.05753631517291069,375661.53125,0.019708383828401566,226.28797912597656
0.02869063802063465,170563.71875,0.013965466059744358,168.71022033691406
0.023214375600218773,165592.015625,0.016160177066922188,152.12489318847656
0.0199626162648201,164845.40625,0.008785799145698547,122.60779571533203
0.015901733189821243,145882.984375,0.009339765645563602,123.656005859375
0.013159163296222687,103782.75,0.007083546370267868,103.45661926269531
