loss,mape,val_loss,val_mape
0.06081772223114967,114603.9375,0.019543059170246124,228.9354248046875
0.024619927629828453,70938.53125,0.017019441351294518,158.338623046875
0.020015157759189606,64165.9140625,0.009502864442765713,141.03819274902344
0.01727883331477642,55229.96484375,0.012217050418257713,130.87222290039062
0.016075031831860542,91430.796875,0.015408700332045555,126.59269714355469
0.011065792292356491,67171.4921875,0.011337659321725368,102.73411560058594
