loss,mape,val_loss,val_mape
0.05596833676099777,306602.6875,0.021355528384447098,297.29217529296875
0.026172319427132607,224417.09375,0.021101810038089752,268.540771484375
0.017367491498589516,162860.640625,0.04288684204220772,266.97259521484375
0.02096904255449772,129333.625,0.01638288050889969,154.14035034179688
0.01602783240377903,138744.921875,0.006435789633542299,139.32363891601562
0.014214413240551949,199656.53125,0.007507624104619026,173.76051330566406
