loss,mape,val_loss,val_mape
0.06872161477804184,328158.1875,0.02983332797884941,264.5172424316406
0.026943812146782875,164787.109375,0.013242323882877827,174.44927978515625
0.019931063055992126,143274.40625,0.01643447019159794,144.00009155273438
0.017079800367355347,170055.890625,0.014383356086909771,123.12195587158203
0.014951729215681553,120193.1640625,0.008800230920314789,129.13870239257812
0.012305276468396187,125171.9609375,0.014760877937078476,121.3722915649414
