loss,mape,val_loss,val_mape
0.05701713263988495,972219.1875,0.024336233735084534,164.33889770507812
0.026605935767292976,466084.25,0.013825973495841026,120.37296295166016
0.018355989828705788,457086.375,0.019171198830008507,95.33795928955078
0.01715657114982605,340538.5,0.013774281367659569,90.09808349609375
0.013922644779086113,333258.59375,0.01656980998814106,85.78711700439453
0.013586286455392838,363453.0,0.011290120892226696,75.04781341552734
