loss,mape,val_loss,val_mape
0.12165980786085129,267889.6875,0.051545459777116776,270.585205078125
0.06598690897226334,67655.09375,0.06108907610177994,188.6406707763672
0.0562005415558815,113870.859375,0.06678187847137451,150.87542724609375
0.061745721846818924,225107.65625,0.040536195039749146,228.1675567626953
0.050835590809583664,101309.2421875,0.05986854434013367,123.44632720947266
0.048185136169195175,82396.3125,0.03359592705965042,159.43397521972656
