loss,mape,val_loss,val_mape
0.09710050374269485,408881.34375,0.048233211040496826,152.11029052734375
0.05200016498565674,311212.0,0.08355727046728134,93.50752258300781
0.05710920691490173,381912.09375,0.04026573896408081,196.59603881835938
0.047871850430965424,310333.8125,0.03578736633062363,167.74139404296875
0.045331645756959915,234956.734375,0.034256234765052795,177.3048858642578
0.04260881245136261,308636.5,0.029452521353960037,130.70236206054688
