loss,mape,val_loss,val_mape
0.14277110993862152,10251.59375,0.05522897094488144,339.41632080078125
0.06359876692295074,343259.65625,0.05445588752627373,353.81536865234375
0.06930259615182877,302446.53125,0.05091964080929756,343.5632629394531
0.059664592146873474,362934.46875,0.03731844946742058,278.2083740234375
0.052061643451452255,301621.90625,0.02821464091539383,213.99110412597656
0.038963839411735535,288571.46875,0.03561772033572197,257.90228271484375
