loss,mape,val_loss,val_mape
0.13744747638702393,1016015.4375,0.10290328413248062,111.30040740966797
0.06759216636419296,756787.4375,0.058650076389312744,388.66314697265625
0.05855608731508255,866305.0625,0.04882777854800224,335.01971435546875
0.057768721133470535,827308.1875,0.04194289818406105,247.2350311279297
0.04327451065182686,659824.0625,0.04309795796871185,336.157958984375
0.04875176399946213,708922.375,0.028272366151213646,246.88990783691406
