loss,mape,val_loss,val_mape
0.0616183876991272,814873.625,0.023499464616179466,216.44613647460938
0.023150498047471046,295362.75,0.020054979249835014,156.86907958984375
0.019150080159306526,205991.6875,0.016321921721100807,179.64559936523438
0.01603819616138935,274511.21875,0.013123901560902596,123.66348266601562
0.013026203960180283,192591.6875,0.012218968942761421,158.5583953857422
0.011418180540204048,220493.140625,0.010118375532329082,122.46107482910156
