loss,mape,val_loss,val_mape
0.06076717749238014,744732.375,0.028897568583488464,235.24465942382812
0.02341219037771225,308279.46875,0.022689325734972954,280.7413635253906
0.01918666809797287,294593.65625,0.018924331292510033,280.5664978027344
0.015938017517328262,234560.703125,0.015516022220253944,157.88101196289062
0.01210105326026678,218484.046875,0.01562231034040451,164.4656219482422
0.011808675713837147,211059.65625,0.009995345957577229,184.55816650390625
