loss,mape,val_loss,val_mape
0.05907147005200386,202102.21875,0.035828668624162674,212.98814392089844
0.02934754081070423,133394.71875,0.02299973927438259,85.9893798828125
0.019047584384679794,63614.0390625,0.022886106744408607,137.3119659423828
0.017436454072594643,62476.5,0.01664154976606369,97.95226287841797
0.014836672693490982,67003.1796875,0.017183760181069374,67.0947494506836
0.012456023134291172,58693.59375,0.015643738210201263,52.97079849243164
