loss,mape,val_loss,val_mape
0.05796128511428833,344.5759582519531,0.03877891227602959,3113515.5
0.027717119082808495,178.80650329589844,0.022137273102998734,1658381.125
0.01873445138335228,121.6508560180664,0.020064951851963997,1024862.25
0.01861916482448578,105.74508666992188,0.01771109737455845,1286078.5
0.015169844031333923,104.75423431396484,0.015958460047841072,1341853.25
0.014213359914720058,102.67134857177734,0.015505318529903889,1384790.625
