loss,mape,val_loss,val_mape
0.05964205041527748,593099.8125,0.020319152623414993,157.9220733642578
0.020023271441459656,177651.65625,0.017888875678181648,116.06492614746094
0.016524722799658775,170957.28125,0.015411561354994774,111.17234802246094
0.013672560453414917,199841.234375,0.01530564296990633,82.23025512695312
0.011269229464232922,143003.328125,0.012998832389712334,74.92374420166016
0.010139185935258865,111252.390625,0.010106928646564484,74.01513671875
