loss,mape,val_loss,val_mape
0.058708660304546356,601073.375,0.01959807239472866,255.77401733398438
0.019653845578432083,199244.046875,0.014146046712994576,162.1474151611328
0.016189662739634514,174631.46875,0.013279573991894722,142.0194091796875
0.013636507093906403,186088.140625,0.011664099991321564,160.4658660888672
0.011301201768219471,142100.328125,0.008300486952066422,130.9420928955078
0.010050379671156406,153204.328125,0.0075528924353420734,141.49588012695312
