loss,mape,val_loss,val_mape
0.05010508745908737,230709.65625,0.021342303603887558,1572604.25
0.019360192120075226,93386.1796875,0.014356336556375027,1365409.625
0.015584869310259819,64465.19921875,0.016701851040124893,1750321.375
0.014335825107991695,80361.8359375,0.011241422034800053,1149596.375
0.012650532647967339,62042.90625,0.009961714968085289,1007134.625
0.011764596216380596,64857.46484375,0.00904760416597128,1095128.875
