loss,mape,val_loss,val_mape
0.05150734260678291,505756.21875,0.023607412353157997,64.69644165039062
0.018095018342137337,160246.71875,0.017838159576058388,45.21189498901367
0.014164716005325317,136799.171875,0.015110931359231472,54.67387008666992
0.012596026994287968,131196.3125,0.014096995815634727,38.04085922241211
0.012630736455321312,161830.875,0.011951902881264687,38.17210388183594
0.010732079856097698,113045.9609375,0.011564104817807674,48.740020751953125
