loss,mape,val_loss,val_mape
0.06480541825294495,243996.09375,0.04618727043271065,218.25009155273438
0.03359180688858032,134444.875,0.03507658839225769,147.40072631835938
0.028530562296509743,90022.2421875,0.037804216146469116,189.11004638671875
0.026710886508226395,76878.7265625,0.03377489745616913,178.7105712890625
0.024254105985164642,92104.375,0.029962945729494095,174.24151611328125
0.023769436404109,60066.91015625,0.027080556377768517,81.84534454345703
