loss,mape,val_loss,val_mape
0.06319558620452881,239542.21875,0.033351168036460876,221.843017578125
0.033072590827941895,89628.4765625,0.025563254952430725,129.23341369628906
0.029157184064388275,106910.140625,0.026561541482806206,106.93989562988281
0.026418806985020638,81726.640625,0.02288123592734337,113.8784408569336
0.025415636599063873,88813.4296875,0.02060627192258835,141.68112182617188
0.02332497574388981,43766.25390625,0.01794651709496975,120.7220458984375
