loss,mape,val_loss,val_mape
0.06949491053819656,468501.5,0.046010006219148636,328.8174133300781
0.042686816304922104,374223.28125,0.02888975292444229,201.38470458984375
0.03175582364201546,224279.703125,0.026072371751070023,150.56280517578125
0.028047889471054077,184058.203125,0.02887061983346939,194.67852783203125
0.02809487283229828,118974.3671875,0.024163909256458282,151.85780334472656
0.026870036497712135,177391.65625,0.02282249554991722,138.4947052001953
