loss,mape,val_loss,val_mape
0.06728112697601318,461237.0625,0.049322325736284256,371.7002258300781
0.03882996737957001,323364.59375,0.029819222167134285,161.79248046875
0.03247770667076111,202393.328125,0.02478226087987423,157.20472717285156
0.029183924198150635,174957.171875,0.02573828026652336,207.21383666992188
0.027267105877399445,168106.46875,0.027063339948654175,224.57373046875
0.026823759078979492,168058.40625,0.024472109973430634,103.33832550048828
