loss,mape,val_loss,val_mape
0.05899430811405182,505762.46875,0.030541161075234413,186.98439025878906
0.027407096698880196,121217.953125,0.021508043631911278,130.26239013671875
0.023914912715554237,149542.828125,0.023577820509672165,145.54994201660156
0.022551050409674644,108986.3828125,0.019128113985061646,130.00131225585938
0.02125176228582859,139035.203125,0.015940118581056595,92.73204803466797
0.01906375028192997,112087.1875,0.019662262871861458,137.97325134277344
