loss,mape,val_loss,val_mape
0.06586160510778427,486663.65625,0.0370551273226738,532.0032348632812
0.03071168251335621,174526.421875,0.02839852310717106,226.195556640625
0.025408243760466576,134377.953125,0.02610079199075699,254.41281127929688
0.024303333833813667,114187.390625,0.024713754653930664,316.0953369140625
0.02401716075837612,152572.4375,0.024541446939110756,198.3049774169922
0.021801592782139778,125932.6484375,0.022085590288043022,246.5675048828125
