loss,mape,val_loss,val_mape
0.07025904953479767,1090002.5,0.04487130790948868,342.89227294921875
0.031030012294650078,443558.875,0.03709922358393669,263.83013916015625
0.025231260806322098,301826.59375,0.02927333675324917,191.60643005371094
0.025070637464523315,271389.8125,0.02871350571513176,212.30694580078125
0.024222714826464653,351773.03125,0.027004707604646683,201.31259155273438
0.021716013550758362,280028.3125,0.02413155511021614,183.04556274414062
