loss,mape,val_loss,val_mape
0.06414679437875748,1051239.5,0.02727588824927807,224.30751037597656
0.03004663996398449,407877.9375,0.022997919470071793,140.98715209960938
0.02606377750635147,322988.21875,0.02066352590918541,153.64517211914062
0.023639678955078125,272595.3125,0.01941657066345215,162.5837860107422
0.0246819406747818,284066.4375,0.01869104616343975,118.7265853881836
0.020861005410552025,227482.71875,0.019594423472881317,160.94070434570312
