loss,mape,val_loss,val_mape
0.13207793235778809,399852.3125,0.12225664407014847,1645607.75
0.07493163645267487,404541.9375,0.06691689789295197,3273602.75
0.07336489856243134,389204.21875,0.060422275215387344,3396633.25
0.05676697567105293,436038.21875,0.1447223275899887,761702.25
0.06363235414028168,320047.53125,0.04296939820051193,2570476.0
0.050751589238643646,161641.171875,0.035649754106998444,2262862.75
