loss,mape,val_loss,val_mape
0.14981791377067566,310601.3125,0.08522597700357437,421.88018798828125
0.08354003727436066,596253.25,0.08976896107196808,195.99630737304688
0.07718267291784286,280553.78125,0.0630236268043518,233.12037658691406
0.07378114759922028,309924.78125,0.049372348934412,247.6738739013672
0.06449427455663681,397099.8125,0.03816894441843033,192.97232055664062
0.05297282710671425,312299.21875,0.056410547345876694,98.07359313964844
