loss,mape,val_loss,val_mape
0.10921585559844971,1204551.75,0.08011199533939362,1795518.625
0.06624328345060349,1132674.0,0.057761527597904205,3247114.5
0.0646655261516571,1046284.4375,0.055236395448446274,3211323.0
0.05671507865190506,1024070.6875,0.05098111554980278,3068190.5
0.058833979070186615,815601.875,0.04727040231227875,2387263.25
0.04398345202207565,875522.5625,0.07648351788520813,976264.1875
