loss,mape,val_loss,val_mape
0.0591311939060688,944997.375,0.03167969360947609,122.39801025390625
0.03177338093519211,387389.59375,0.024226898327469826,69.0188980102539
0.029218902811408043,312295.125,0.02357812412083149,81.33539581298828
0.026579631492495537,298948.375,0.02172292396426201,81.14095306396484
0.024793412536382675,325046.65625,0.019912533462047577,59.8210334777832
0.023410558700561523,398862.21875,0.02108423225581646,47.00889587402344
