loss,mape,val_loss,val_mape
0.06343427300453186,240413.640625,0.044027168303728104,224.0470428466797
0.03464274853467941,109852.28125,0.039394233375787735,158.3568878173828
0.02818387933075428,94651.359375,0.039411820471286774,133.78640747070312
0.027464959770441055,51644.01953125,0.037274282425642014,170.98504638671875
0.024863146245479584,49727.4375,0.03321358561515808,146.8577880859375
0.02320927008986473,58217.125,0.0293743759393692,112.83831787109375
