loss,mape,val_loss,val_mape
0.0542755164206028,244181.9375,0.03555068001151085,95.61227416992188
0.030726691707968712,85944.9296875,0.030488211661577225,98.42613220214844
0.028402863070368767,96295.0234375,0.029089780524373055,100.2196273803711
0.02622983790934086,92249.4609375,0.025839168578386307,95.78176879882812
0.025522388517856598,106800.625,0.024279601871967316,78.76378631591797
0.022451911121606827,67317.1875,0.022485828027129173,77.70150756835938
