loss,mape,val_loss,val_mape
0.0571812242269516,263597.28125,0.03299194946885109,3071600.25
0.026892440393567085,163820.34375,0.021591372787952423,2043585.125
0.020398611202836037,70428.484375,0.01909491792321205,1013512.1875
0.020825564861297607,74600.8125,0.018269944936037064,1661769.375
0.01957692764699459,72011.703125,0.01642800122499466,1451643.125
0.018693212419748306,61327.49609375,0.016503935679793358,977728.25
