loss,mape,val_loss,val_mape
0.06882315874099731,414889.1875,0.04404822736978531,1850572.625
0.03666480630636215,159997.625,0.043541040271520615,2063842.375
0.0335247665643692,135746.296875,0.03976154699921608,2020244.25
0.029789816588163376,152812.8125,0.031758010387420654,1413425.875
0.02697613835334778,172022.421875,0.028064554557204247,1377196.0
0.02403491921722889,132079.015625,0.02277550846338272,929902.8125
