loss,mape,val_loss,val_mape
0.06859172880649567,404027.625,0.046481356024742126,2089572.625
0.0376887321472168,194203.609375,0.037585172802209854,1104504.125
0.034283824265003204,152989.859375,0.04503459110856056,2197324.75
0.03228696435689926,109946.53125,0.034375354647636414,1740964.75
0.027877414599061012,137725.53125,0.026943789795041084,1275761.75
0.02601715177297592,126039.2109375,0.02504671923816204,1032551.0
