loss,mape,val_loss,val_mape
0.06135839596390724,209227.640625,0.04258637875318527,264.9525146484375
0.03259866312146187,134652.21875,0.028578395023941994,142.90872192382812
0.02943691797554493,78856.7265625,0.02835344523191452,191.10292053222656
0.027775395661592484,118361.4140625,0.027810927480459213,182.43853759765625
0.02603858895599842,85351.25,0.02538990043103695,134.3698272705078
0.02456658147275448,78142.9609375,0.023607686161994934,155.18991088867188
