loss,mape,val_loss,val_mape
0.06430942565202713,254935.84375,0.04432515427470207,442.5594787597656
0.03677433729171753,169827.6875,0.02614893577992916,228.49586486816406
0.0281699039041996,101095.078125,0.02530803717672825,176.72195434570312
0.028816381469368935,82742.7734375,0.023849327117204666,214.52813720703125
0.02608276531100273,67408.75,0.027465911582112312,283.5358581542969
0.024345844984054565,71697.734375,0.021555200219154358,213.1030731201172
