loss,mape,val_loss,val_mape
0.07226188480854034,3937755.75,0.0416274219751358,8156571.0
0.03160654753446579,1367075.875,0.027921002358198166,4541670.0
0.02796713262796402,1014952.6875,0.026635361835360527,3907583.25
0.026340173557400703,988902.25,0.023294597864151,3508442.0
0.02333703450858593,834828.75,0.02299649454653263,4460777.0
0.022390367463231087,984562.125,0.019510099664330482,3635285.5
