loss,mape,val_loss,val_mape
0.07250166684389114,4182627.5,0.05219821631908417,369.90423583984375
0.0343150720000267,1900373.375,0.03267017379403114,263.4053649902344
0.02784770540893078,1259477.375,0.03596818447113037,192.72186279296875
0.026209412142634392,1158481.25,0.02841941826045513,235.41818237304688
0.026100389659404755,1094733.5,0.026349931955337524,216.23435974121094
0.02396761253476143,938911.1875,0.02420143410563469,215.8022003173828
