loss,mape,val_loss,val_mape
0.0648949146270752,715578.375,0.029813529923558235,140.4127197265625
0.02897944673895836,255985.84375,0.028809061273932457,92.53207397460938
0.024866415187716484,193612.140625,0.028954630717635155,71.84513854980469
0.024822352454066277,198915.984375,0.02570786140859127,111.1006851196289
0.02288874052464962,197011.171875,0.02427026629447937,81.06847381591797
0.021498819813132286,134937.765625,0.021980304270982742,81.31620025634766
