loss,mape,val_loss,val_mape
0.061926305294036865,616384.5,0.04182081297039986,122.9620590209961
0.027645200490951538,261941.75,0.03113693930208683,119.73394012451172
0.024565894156694412,169098.84375,0.029994994401931763,161.15481567382812
0.024780185893177986,169342.09375,0.026255499571561813,143.70864868164062
0.021815955638885498,179972.828125,0.025071829557418823,122.21212005615234
0.020671073347330093,221917.703125,0.02393142692744732,147.50498962402344
