loss,mape,val_loss,val_mape
0.070618636906147,258352.296875,0.058984190225601196,409.1466979980469
0.04350584000349045,103204.3046875,0.04152098670601845,264.72955322265625
0.03752927482128143,116542.359375,0.03707582503557205,242.26504516601562
0.034445151686668396,101782.796875,0.03294060006737709,248.0996856689453
0.030713673681020737,99535.3984375,0.02653609588742256,194.91136169433594
0.024893637746572495,93621.1875,0.019423387944698334,216.43629455566406
