loss,mape,val_loss,val_mape
0.07490917295217514,201977.359375,0.05249198526144028,439.5138854980469
0.043132681399583817,129771.2265625,0.03949129953980446,291.6094055175781
0.03786572068929672,103727.7890625,0.03354944661259651,278.989013671875
0.03474653884768486,69766.140625,0.028043091297149658,171.69544982910156
0.029727429151535034,123779.0703125,0.022258108481764793,203.591552734375
0.025321826338768005,86009.6328125,0.016763782128691673,181.47708129882812
