loss,mape,val_loss,val_mape
0.08605728298425674,5438970.0,0.05402736738324165,2529249.75
0.040060948580503464,2400786.75,0.03534547612071037,1072578.375
0.030413610860705376,1541682.125,0.030284244567155838,1279534.5
0.028676563873887062,1405115.875,0.02869427390396595,1117256.5
0.02848162315785885,1486816.625,0.027617381885647774,848931.375
0.025533756241202354,1195643.25,0.025137804448604584,935421.6875
