loss,mape,val_loss,val_mape
0.0886235311627388,5604580.0,0.05254307761788368,724.1744995117188
0.04500477761030197,3245109.75,0.029581954702734947,425.7248229980469
0.0345720574259758,1722877.0,0.028618501499295235,413.2344055175781
0.030458932742476463,1672096.75,0.02741166390478611,245.366455078125
0.028857866302132607,1550244.625,0.025927305221557617,359.98028564453125
0.02676016092300415,1453847.75,0.023964880034327507,319.931884765625
