loss,mape,val_loss,val_mape
0.07190776616334915,218705.609375,0.04514508321881294,248.01803588867188
0.03677966445684433,84217.421875,0.0406876839697361,104.09135437011719
0.033332258462905884,74590.90625,0.03560468927025795,155.28627014160156
0.03080499731004238,75319.71875,0.03283398598432541,126.45197296142578
0.02733931504189968,58798.72265625,0.028747888281941414,134.2442626953125
0.024450112134218216,52894.44921875,0.024636495858430862,96.68389129638672
