loss,mape,val_loss,val_mape
0.0683823898434639,257852.765625,0.04025328904390335,265.389892578125
0.03617287799715996,88248.0625,0.03271621838212013,183.03854370117188
0.03181904926896095,68545.7734375,0.034553162753582,88.0782241821289
0.029949592426419258,52808.18359375,0.02796093560755253,154.08885192871094
0.025853348895907402,88704.0859375,0.026811959221959114,98.55894470214844
0.02307869866490364,57092.21484375,0.0238043200224638,77.50714874267578
