loss,mape,val_loss,val_mape
0.13363805413246155,261010.28125,0.07401666790246964,222.681884765625
0.06926089525222778,126058.40625,0.05951736867427826,278.03472900390625
0.07421990483999252,124784.8125,0.06199333071708679,327.76519775390625
0.06218884140253067,46286.95703125,0.047520119696855545,270.31781005859375
0.05560498684644699,184533.546875,0.044340524822473526,262.01739501953125
0.04716551676392555,175691.3125,0.04119475558400154,241.3582763671875
