loss,mape,val_loss,val_mape
0.0953887477517128,455437.84375,0.07771545648574829,217.00830078125
0.050488948822021484,306659.90625,0.05725087597966194,289.6407775878906
0.046193722635507584,394117.09375,0.07673380523920059,185.90309143066406
0.038948897272348404,372248.21875,0.066804438829422,182.27110290527344
0.047892484813928604,176543.734375,0.04080323874950409,265.9051818847656
0.03549281880259514,267970.71875,0.0625506117939949,144.7162628173828
