loss,mape,val_loss,val_mape
0.11079410463571548,45970.8203125,0.042994726449251175,306.7341613769531
0.05479609966278076,396434.875,0.04193105176091194,305.4134216308594
0.05264470726251602,225683.703125,0.035310614854097366,238.7266845703125
0.05153172090649605,322616.125,0.046481095254421234,151.97531127929688
0.0486888661980629,336506.53125,0.03413626551628113,164.94058227539062
0.04182623326778412,163956.421875,0.043113261461257935,116.81875610351562
