loss,mape,val_loss,val_mape
0.11183205246925354,37421.92578125,0.04796816408634186,6241826.0
0.06481616944074631,943295.75,0.045084282755851746,4742300.0
0.05331100523471832,892391.25,0.04990355670452118,7087104.0
0.05262615531682968,622893.3125,0.033232253044843674,5278340.5
0.0479244738817215,648889.9375,0.08083312213420868,872877.8125
0.048307839781045914,368499.84375,0.024506239220499992,4214920.0
