loss,mape,val_loss,val_mape
0.05343148484826088,896084.875,0.028449757024645805,165.79261779785156
0.021462278440594673,336752.1875,0.018085353076457977,128.66412353515625
0.017740676179528236,285261.15625,0.01649371162056923,146.38241577148438
0.014914968982338905,296381.21875,0.014735533855855465,93.93224334716797
0.012512603774666786,245237.921875,0.012885491363704205,76.35504913330078
0.011664235033094883,262488.75,0.008333961479365826,81.54109954833984
