loss,mape,val_loss,val_mape
0.056902606040239334,843178.875,0.031996287405490875,304.2643737792969
0.022736912593245506,347821.96875,0.021818237379193306,191.9015655517578
0.01741827093064785,271430.65625,0.018616922199726105,145.710693359375
0.01531037874519825,293128.28125,0.015918802469968796,124.47897338867188
0.012496269308030605,240377.890625,0.01158232893794775,134.01400756835938
0.010848917067050934,237584.28125,0.00932853203266859,146.87649536132812
