loss,mape,val_loss,val_mape
0.06566867977380753,436848.71875,0.04042239114642143,237.9059600830078
0.030374109745025635,322723.21875,0.02684442326426506,110.2351303100586
0.021019594743847847,148586.6875,0.025071239098906517,91.89791870117188
0.01785304769873619,116109.65625,0.021234674379229546,107.31270599365234
0.01694132760167122,118123.7578125,0.018969545140862465,112.1781005859375
0.013131329789757729,96237.671875,0.017802037298679352,112.99038696289062
