loss,mape,val_loss,val_mape
0.06482303887605667,398027.90625,0.050828803330659866,461.64501953125
0.03303222358226776,289921.6875,0.022875336930155754,238.34719848632812
0.02253073826432228,195943.46875,0.01959705539047718,197.03955078125
0.01837259903550148,138699.21875,0.01766125112771988,203.84751892089844
0.01817071996629238,119597.25,0.016994230449199677,217.2730712890625
0.014491377398371696,140723.171875,0.014166905544698238,128.74832153320312
