loss,mape,val_loss,val_mape
0.05609560385346413,277350.0625,0.025904525071382523,194.6616668701172
0.023664768785238266,181014.453125,0.019564714282751083,157.31314086914062
0.01897900551557541,146044.71875,0.0162996556609869,99.2470474243164
0.016935238614678383,165346.25,0.013513201847672462,126.7229232788086
0.013632670976221561,122483.8203125,0.012841870076954365,98.6324462890625
0.012326323427259922,92494.90625,0.009727236814796925,101.67552185058594
