loss,mape,val_loss,val_mape
0.05371231958270073,487360.0,0.021600279957056046,205.6859588623047
0.02297172136604786,201541.765625,0.016867857426404953,127.82418060302734
0.01875930465757847,134217.3125,0.01599268615245819,110.10533142089844
0.016676273196935654,111273.4140625,0.012802165001630783,133.50326538085938
0.014255840331315994,145250.5625,0.011543698608875275,112.85970306396484
0.01234863419085741,130033.6953125,0.008813392370939255,103.1117935180664
