loss,mape,val_loss,val_mape
0.06185796856880188,210240.078125,0.03366231173276901,197.78480529785156
0.023085685446858406,73867.40625,0.015391180291771889,105.22920227050781
0.014560220763087273,44898.62890625,0.013937866315245628,99.72601318359375
0.014892659150063992,86336.59375,0.012244663201272488,78.51571655273438
0.011126602068543434,53657.76953125,0.010305252857506275,68.3957290649414
0.0122533543035388,57945.65625,0.009359902702271938,86.16233825683594
