loss,mape,val_loss,val_mape
0.05977661907672882,234248.578125,0.029559053480625153,150.6245574951172
0.02159116417169571,92004.8046875,0.017186909914016724,80.42127227783203
0.014584957621991634,65987.6796875,0.014725778251886368,83.12186431884766
0.012938126921653748,56150.00390625,0.014735146425664425,82.14753723144531
0.01289305929094553,62632.1953125,0.011105409823358059,72.88323974609375
0.010723110288381577,60200.9609375,0.012204541824758053,77.87102508544922
