loss,mape,val_loss,val_mape
0.07086356729269028,260307.015625,0.02734057419002056,111.24486541748047
0.027640393003821373,119984.765625,0.013315161690115929,64.51374816894531
0.021877648308873177,70105.6328125,0.013524798676371574,59.76224136352539
0.019518231973052025,75588.3046875,0.01379808597266674,58.621273040771484
0.010936344973742962,63561.73046875,0.009677913971245289,42.32455825805664
0.01958210952579975,53314.77734375,0.008683403953909874,45.18413543701172
