loss,mape,val_loss,val_mape
0.07648832350969315,3998145.25,0.022960461676120758,429.015380859375
0.024747250601649284,2135349.25,0.01721823401749134,328.5995788574219
0.022115124389529228,1708227.0,0.012075858190655708,258.037109375
0.01794927939772606,1602506.625,0.012725582346320152,206.81024169921875
0.015467611141502857,1595613.75,0.015350593253970146,170.0379638671875
0.017435895279049873,1303192.0,0.00804157555103302,203.41021728515625
