loss,mape,val_loss,val_mape
0.07554227113723755,255943.03125,0.039570946246385574,212.47808837890625
0.030641840770840645,83852.5859375,0.022781329229474068,138.600830078125
0.023117849603295326,98218.4921875,0.016917169094085693,95.24640655517578
0.01906151883304119,88665.46875,0.017442524433135986,107.97154235839844
0.016376204788684845,93146.71875,0.010581357404589653,87.06500244140625
0.015134238637983799,66221.859375,0.015161868184804916,83.27643585205078
