loss,mape,val_loss,val_mape
0.07778196781873703,4611533.5,0.048216141760349274,340.7018737792969
0.034629929810762405,2518760.5,0.027536557987332344,205.5298309326172
0.025348937138915062,1463363.875,0.02371090091764927,156.46922302246094
0.019304297864437103,1396468.875,0.021268514916300774,139.22312927246094
0.0188421793282032,1390313.5,0.019378969445824623,116.53656768798828
0.016230043023824692,1196865.25,0.017750179395079613,166.87179565429688
