loss,mape,val_loss,val_mape
0.07883583009243011,4562719.0,0.040740691125392914,455.82489013671875
0.03373105823993683,2468349.5,0.023886872455477715,347.0419616699219
0.021871894598007202,1558507.0,0.01552432868629694,141.78756713867188
0.018011990934610367,1285818.875,0.011726745404303074,151.1514129638672
0.017208265140652657,1201346.875,0.010211637243628502,143.64419555664062
0.014086445793509483,1188762.125,0.010806560516357422,206.24832153320312
