loss,mape,val_loss,val_mape
0.06737501174211502,2800916.75,0.04722953587770462,578.1131591796875
0.03110203705728054,1400420.375,0.023834317922592163,288.2877197265625
0.01998835802078247,858044.75,0.019639737904071808,234.0741424560547
0.01915702596306801,795262.5625,0.020489109680056572,154.5063018798828
0.016420580446720123,714369.0,0.014500495977699757,184.3316650390625
0.01563130132853985,657065.5,0.014131030067801476,180.67465209960938
