loss,mape,val_loss,val_mape
0.06991246342658997,2342763.5,0.03222300484776497,2854653.5
0.02988574281334877,1237906.875,0.02193130925297737,1605372.5
0.02205168642103672,771533.125,0.01799849234521389,866947.9375
0.019962552934885025,654623.75,0.016288623213768005,1144500.875
0.016916757449507713,629214.0625,0.015084939077496529,961937.5
0.014541618525981903,610617.1875,0.014461591839790344,847675.9375
