loss,mape,val_loss,val_mape
0.06878773868083954,925990.5625,0.030903788283467293,330.25494384765625
0.020386824384331703,319755.9375,0.017080675810575485,115.87726593017578
0.015007786452770233,250868.75,0.013824578374624252,97.82878112792969
0.015808753669261932,191014.140625,0.012568735517561436,113.26941680908203
0.01241159625351429,195569.46875,0.009664267301559448,110.48646545410156
0.011691863648593426,199916.1875,0.008711495436728,99.36112213134766
