loss,mape,val_loss,val_mape
0.07072620838880539,553955.0,0.028877725824713707,1890342.375
0.021793127059936523,184759.46875,0.016603602096438408,1160351.375
0.01813625544309616,159272.609375,0.013290983624756336,1166187.25
0.014359831809997559,151306.625,0.013719637878239155,1325357.75
0.015122809447348118,146725.703125,0.010112970136106014,1047073.4375
0.01201158482581377,124924.4765625,0.008895782753825188,972022.4375
