loss,mape,val_loss,val_mape
0.06081582233309746,1879788.625,0.02184358984231949,279.5757751464844
0.024953534826636314,825933.0625,0.01892557553946972,198.52569580078125
0.01961934007704258,704415.0,0.013963814824819565,173.34373474121094
0.017725300043821335,669345.75,0.01218425016850233,146.7812042236328
0.015316902659833431,613493.1875,0.009822950698435307,137.23643493652344
0.012734190560877323,522096.90625,0.009124853648245335,155.07481384277344
