loss,mape,val_loss,val_mape
0.05974237248301506,1779896.0,0.019423794001340866,3662223.75
0.02170681208372116,670063.0,0.015384223312139511,2818963.0
0.017177127301692963,615018.875,0.012556305155158043,1996997.875
0.01555655337870121,505814.84375,0.011070295237004757,2242875.75
0.012620668858289719,428870.90625,0.011930189095437527,1834121.875
0.012202568352222443,423713.5625,0.009039903990924358,2018719.625
