loss,mape,val_loss,val_mape
0.0640961155295372,1651916.75,0.02261250838637352,303.0011901855469
0.02377016842365265,545492.1875,0.016561614349484444,146.914306640625
0.018235767260193825,464496.53125,0.014597575180232525,131.0057373046875
0.015577669255435467,428605.75,0.01222078874707222,162.23284912109375
0.013591043651103973,459831.96875,0.010708845220506191,148.53062438964844
0.01081937737762928,418499.9375,0.012611904181540012,161.10986328125
