loss,mape,val_loss,val_mape
0.06656132638454437,1574266.5,0.02151944302022457,248.8934326171875
0.02642853558063507,683160.875,0.01668195053935051,165.13186645507812
0.019912278279662132,432513.9375,0.013895634561777115,128.0702667236328
0.017015917226672173,445505.3125,0.015950152650475502,104.29676055908203
0.01440905500203371,400387.0,0.010488351806998253,118.90867614746094
0.012273134663701057,416562.75,0.010133142583072186,163.41165161132812
