loss,mape,val_loss,val_mape
0.07730620354413986,2942092.0,0.03935575112700462,592.4451293945312
0.034022990614175797,1619704.375,0.028873547911643982,537.1317138671875
0.02301165461540222,1030212.625,0.016631538048386574,267.2489318847656
0.020394518971443176,883775.4375,0.013769061304628849,250.39306640625
0.017866207286715508,932649.375,0.01158618088811636,230.23953247070312
0.015286851674318314,901579.125,0.009757126681506634,201.73471069335938
