loss,mape,val_loss,val_mape
0.07767674326896667,2892821.25,0.03950245678424835,2837480.25
0.03530033305287361,1518819.875,0.020685726776719093,1322081.375
0.024490961804986,1060600.375,0.018409527838230133,854037.0
0.02130664698779583,833197.125,0.015477269887924194,1170294.375
0.019099732860922813,916483.9375,0.016588695347309113,1468975.625
0.015731213614344597,928599.125,0.016544926911592484,1390999.625
