loss,mape,val_loss,val_mape
0.062300462275743484,439060.875,0.0246675256639719,159.3706512451172
0.021645015105605125,168048.28125,0.024082504212856293,131.48483276367188
0.01853853091597557,131256.90625,0.018176034092903137,103.9945068359375
0.01443308126181364,123860.8125,0.013554105535149574,95.7670669555664
0.012377187609672546,115257.4453125,0.011999121867120266,88.50969696044922
0.009832790121436119,128022.0859375,0.009233995340764523,75.96327209472656
