loss,mape,val_loss,val_mape
0.0658918097615242,395938.3125,0.02702418714761734,189.03892517089844
0.024319728836417198,153470.90625,0.019935978576540947,134.240966796875
0.0192228015512228,138514.71875,0.015971526503562927,107.03436279296875
0.01576136238873005,108903.2734375,0.012458926066756248,76.2851791381836
0.01317785494029522,131171.9375,0.009109226055443287,97.02867126464844
0.010323403403162956,90768.6796875,0.006507944315671921,91.32685089111328
