loss,mape,val_loss,val_mape
0.0764826238155365,1324698.75,0.03669077157974243,250.0287322998047
0.030308064073324203,489826.03125,0.020229773595929146,131.2484130859375
0.02186507172882557,350955.40625,0.025182947516441345,179.65182495117188
0.01927623711526394,375210.40625,0.016000069677829742,105.91047668457031
0.01627693697810173,307504.5,0.013556599617004395,97.72300720214844
0.016305483877658844,298223.90625,0.011945917271077633,97.02452850341797
