loss,mape,val_loss,val_mape
0.07540220767259598,1293333.875,0.04273530840873718,428.9649658203125
0.028200358152389526,633080.25,0.020347123965620995,210.87342834472656
0.020263848826289177,327378.6875,0.018072575330734253,212.14064025878906
0.01738705486059189,353395.96875,0.01673182286322117,197.49932861328125
0.017098482698202133,372979.84375,0.013555278070271015,187.15438842773438
0.013135766610503197,315168.71875,0.020059285685420036,221.3966064453125
