loss,mape,val_loss,val_mape
0.06095165014266968,177752.75,0.023158246651291847,166.94041442871094
0.028820665553212166,104663.0859375,0.01244597602635622,138.89425659179688
0.02265562303364277,162099.59375,0.010191887617111206,117.92517852783203
0.018433213233947754,123906.2578125,0.007694377098232508,110.036865234375
0.016732949763536453,113527.90625,0.01206272654235363,136.6650848388672
0.011140577495098114,118110.2578125,0.009708890691399574,80.03612518310547
