loss,mape,val_loss,val_mape
0.048673611134290695,3431698.75,0.05681518465280533,2684086.75
0.026868699118494987,1984340.25,0.00991878379136324,1244273.75
0.01786963641643524,1427688.625,0.009051280096173286,1184100.875
0.014589283615350723,1358626.75,0.006515249609947205,940306.1875
0.01156854908913374,1267048.875,0.006647854577749968,769793.75
0.011858336627483368,978537.1875,0.0045583960600197315,641542.25
