loss,mape,val_loss,val_mape
0.050234582275152206,1553506.75,0.03361280634999275,311.0947265625
0.02192540653049946,1006839.375,0.02015458419919014,219.6696319580078
0.016837896779179573,864256.25,0.011255618184804916,180.06317138671875
0.016964154317975044,783403.9375,0.008158762007951736,162.50404357910156
0.015374585054814816,769558.0,0.009935062378644943,147.31533813476562
0.011800970882177353,738544.875,0.008207026869058609,139.63345336914062
