loss,mape,val_loss,val_mape
0.060724418610334396,392423.03125,0.020003916695713997,3448384.75
0.02825629711151123,130506.234375,0.022736063227057457,2305746.5
0.022761419415473938,99140.921875,0.02600913681089878,2005218.5
0.019423777237534523,116934.0,0.01728854514658451,1951931.875
0.01715601421892643,108439.265625,0.010734437964856625,1776780.25
0.016249852254986763,115278.7734375,0.010515697300434113,1840480.625
