loss,mape,val_loss,val_mape
0.05625716224312782,2049052.25,0.035708412528038025,278.5059509277344
0.02862401306629181,1013562.875,0.028449559584259987,222.8158416748047
0.018313448876142502,736914.0625,0.012522716075181961,118.41535949707031
0.019031856209039688,730651.625,0.01188903022557497,116.16755676269531
0.017720038071274757,697898.75,0.01177157275378704,99.61933135986328
0.011918828822672367,615140.6875,0.025898564606904984,135.08364868164062
