loss,mape,val_loss,val_mape
0.07845012843608856,40558264.0,0.026063231751322746,15055006.0
0.0235651433467865,31098312.0,0.021606314927339554,32733158.0
0.022422315552830696,38466596.0,0.02205989696085453,27468876.0
0.022586049512028694,36529632.0,0.021534398198127747,36804604.0
0.02457020990550518,34075976.0,0.021410873159766197,31210090.0
0.023015564307570457,36054736.0,0.025829985737800598,14538929.0
