loss,mape,val_loss,val_mape
0.15579187870025635,130076.5078125,0.046859294176101685,178.1393280029297
0.05719891935586929,303990.03125,0.04153710603713989,187.15234375
0.06637175381183624,386912.03125,0.04243927076458931,165.3613739013672
0.05777702480554581,355463.90625,0.050641849637031555,126.6548080444336
0.05316976085305214,244825.21875,0.0348658449947834,138.37350463867188
0.04769069328904152,413167.71875,0.04151918739080429,97.88654327392578
