loss,mape,val_loss,val_mape
0.1050306037068367,719227.25,0.05110984668135643,431.7440490722656
0.06455725431442261,705807.125,0.04949628561735153,496.6341247558594
0.05918809026479721,453909.5625,0.045524053275585175,479.6137390136719
0.05736729875206947,603718.3125,0.039288006722927094,423.9120178222656
0.04990599676966667,679590.125,0.03245885297656059,342.8891296386719
0.04540880396962166,564154.375,0.0287709292024374,246.36463928222656
