loss,mape,val_loss,val_mape
0.13203981518745422,426792.40625,0.058532096445560455,210.7013702392578
0.07714177668094635,411184.59375,0.0649002343416214,235.34054565429688
0.06501892954111099,253487.609375,0.05127972736954689,204.58795166015625
0.06533657759428024,176668.75,0.04472790285944939,190.83059692382812
0.05622259899973869,343167.375,0.04166875407099724,186.04193115234375
0.04778832197189331,303011.5625,0.03254474326968193,159.75254821777344
