loss,mape,val_loss,val_mape
0.05699722841382027,152814.390625,0.031664151698350906,133.9796905517578
0.02279605343937874,119448.3828125,0.022886937484145164,142.08084106445312
0.01760435290634632,92705.1484375,0.02566622756421566,150.28231811523438
0.014945493079721928,69315.6171875,0.014490463770925999,80.74758911132812
0.011375611647963524,88767.125,0.014916076324880123,60.5390625
0.011423594318330288,57604.765625,0.00876170676201582,79.96792602539062
