loss,mape,val_loss,val_mape
0.0619811974465847,170505.703125,0.022775178775191307,149.523193359375
0.024093138054013252,146059.234375,0.013964422047138214,82.48774719238281
0.017578303813934326,95614.796875,0.012050695717334747,82.02291870117188
0.015480759553611279,96531.609375,0.01235642284154892,86.32667541503906
0.012485425919294357,112736.5859375,0.009306425228714943,77.67778015136719
0.01114737894386053,105492.6484375,0.010017669759690762,87.20175170898438
