loss,mape,val_loss,val_mape
0.06151736527681351,409439.40625,0.028283055871725082,156.35870361328125
0.02457226999104023,169558.984375,0.020562641322612762,122.77021026611328
0.0206447783857584,207830.484375,0.0202045775949955,100.180419921875
0.018080173060297966,131031.9375,0.014117661863565445,92.34812927246094
0.014543499797582626,105579.4609375,0.009887556545436382,70.39868927001953
0.011422340758144855,109874.7734375,0.008601865731179714,86.42998504638672
