loss,mape,val_loss,val_mape
0.05992509052157402,354031.25,0.024675900116562843,217.6972198486328
0.021265733987092972,213016.09375,0.024148793891072273,96.658203125
0.01947270706295967,125345.203125,0.014129524119198322,115.41008758544922
0.014161497354507446,154536.0,0.01058898214250803,100.68937683105469
0.013501939363777637,135386.96875,0.008602333255112171,94.10517120361328
0.009514239616692066,94104.015625,0.007326467894017696,84.24858093261719
