loss,mape,val_loss,val_mape
0.06916723400354385,2236819.25,0.02799801155924797,2011424.625
0.024602752178907394,798763.3125,0.02004602551460266,1090765.125
0.0191851444542408,648402.375,0.016560938209295273,1106565.875
0.018065012991428375,648618.25,0.014240678399801254,1227655.625
0.015218392945826054,497064.4375,0.012810901738703251,1190374.625
0.012447122484445572,596690.25,0.013352150097489357,1464261.5
