loss,mape,val_loss,val_mape
0.06800368428230286,2387900.5,0.02814609371125698,232.62384033203125
0.023976724594831467,898575.375,0.018869763240218163,159.74917602539062
0.019539492204785347,733877.125,0.016410155221819878,171.97607421875
0.017001844942569733,673680.125,0.015996849164366722,226.5215301513672
0.014947030693292618,689764.75,0.012829726561903954,181.06153869628906
0.012076924555003643,679941.5,0.010606837458908558,131.329345703125
