loss,mape,val_loss,val_mape
0.07859978824853897,455629.28125,0.03336966782808304,224.06483459472656
0.026641301810741425,203005.96875,0.01844065450131893,74.13764953613281
0.01613808237016201,118057.734375,0.011782906018197536,101.69577026367188
0.013823186047375202,111943.984375,0.010855444706976414,93.75586700439453
0.011820542626082897,105079.8671875,0.009159661829471588,80.81031036376953
0.011501315049827099,95029.59375,0.00887005589902401,67.84324645996094
