loss,mape,val_loss,val_mape
0.07891970127820969,486484.03125,0.03789905458688736,336.78863525390625
0.03264521434903145,222795.375,0.013176746666431427,179.78213500976562
0.017448600381612778,116550.859375,0.011821343563497066,167.34722900390625
0.015103479847311974,112539.90625,0.008973008953034878,129.76522827148438
0.013211130164563656,127864.046875,0.009514465928077698,74.42764282226562
0.011589916422963142,82541.4375,0.008022486232221127,143.462646484375
