loss,mape,val_loss,val_mape
0.07359552383422852,519075.65625,0.03245031088590622,467.5194091796875
0.029436513781547546,319102.34375,0.02444007433950901,359.4790344238281
0.02373318374156952,243347.21875,0.017859382554888725,273.92913818359375
0.01562062930315733,228305.78125,0.032730430364608765,279.59088134765625
0.01663793809711933,195787.75,0.009448204189538956,169.95755004882812
0.016044994816184044,206567.5,0.010298649780452251,179.0928192138672
