loss,mape,val_loss,val_mape
0.07588636875152588,167466.0625,0.038367003202438354,373.27874755859375
0.03488123044371605,160111.53125,0.049092765897512436,266.4620056152344
0.02866348810493946,123481.5625,0.021143754944205284,260.19482421875
0.019815417006611824,135468.671875,0.028503451496362686,243.35821533203125
0.015477626584470272,113987.40625,0.02605525776743889,209.00498962402344
0.016487985849380493,114019.046875,0.011762578971683979,190.53817749023438
