loss,mape,val_loss,val_mape
0.07367545366287231,3510345.0,0.05150097608566284,2059763.625
0.03318252041935921,1961862.625,0.021284235641360283,1451979.25
0.026542246341705322,1259630.25,0.020665859803557396,1428095.25
0.023171760141849518,1409163.375,0.019393447786569595,1380221.5
0.0176604725420475,1405479.375,0.01732492446899414,1426414.0
0.01730267144739628,1208849.375,0.012480685487389565,1208072.25
