loss,mape,val_loss,val_mape
0.0583307147026062,650689.4375,0.017046665772795677,172.45970153808594
0.026570845395326614,281631.3125,0.014214272610843182,131.09085083007812
0.021349593997001648,250150.359375,0.012635177932679653,116.13960266113281
0.016869040206074715,291169.1875,0.010422352701425552,97.72020721435547
0.016026969999074936,230644.8125,0.009687845595180988,89.12902069091797
0.011941063217818737,189375.984375,0.023654719814658165,113.62467956542969
