loss,mape,val_loss,val_mape
0.05387419834733009,2612535.5,0.023463984951376915,2719488.0
0.022709375247359276,1734912.125,0.013006270863115788,1842106.625
0.01717187464237213,1280897.125,0.009995540603995323,1613971.125
0.01456514373421669,1129283.875,0.008096884936094284,1475324.875
0.013615068048238754,1120165.0,0.009472819976508617,1126748.5
0.008889209479093552,948201.6875,0.014120436273515224,1622784.375
