loss,mape,val_loss,val_mape
0.05925736203789711,764405.6875,0.022717231884598732,397.3285217285156
0.03166430816054344,414990.15625,0.015123341232538223,318.6976318359375
0.021232808008790016,307518.125,0.01282204408198595,278.595458984375
0.02072143368422985,298911.59375,0.013915692456066608,257.2875671386719
0.01834598183631897,309699.375,0.011861840263009071,239.36099243164062
0.015015044249594212,287865.96875,0.0067304931581020355,186.26597595214844
