loss,mape,val_loss,val_mape
0.06392313539981842,3651312.0,0.021091278642416,385.8719482421875
0.027891622856259346,1673813.375,0.023198235780000687,249.9299774169922
0.021019406616687775,1267154.375,0.015134306624531746,239.18202209472656
0.015625404193997383,1113507.5,0.011457640677690506,207.71206665039062
0.014700288884341717,1233586.125,0.015317624434828758,200.1078338623047
0.012267800979316235,1014896.1875,0.012794350273907185,211.4981231689453
