loss,mape,val_loss,val_mape
0.06485985219478607,598681.0625,0.022282132878899574,289.8586120605469
0.02753922902047634,350322.625,0.026801930740475655,235.07875061035156
0.0182252936065197,260368.78125,0.020110607147216797,186.73074340820312
0.019363686442375183,277708.5625,0.016225725412368774,149.7236785888672
0.015604725107550621,216203.609375,0.011262303218245506,143.9318389892578
0.01680571399629116,183032.640625,0.007701748050749302,134.14527893066406
