loss,mape,val_loss,val_mape
0.11461153626441956,4106910.5,0.06895093619823456,16528286.0
0.06985565274953842,6271176.0,0.06480836868286133,16099588.0
0.06376317888498306,5878336.5,0.06416236609220505,7429801.0
0.05457593873143196,5849163.0,0.054487790912389755,6865729.5
0.047761209309101105,4724102.0,0.058449696749448776,4406796.5
0.04523260518908501,3366043.75,0.03287709876894951,8416473.0
