loss,mape,val_loss,val_mape
0.08602242916822433,424473.125,0.06209516525268555,176.46160888671875
0.05054188147187233,1026058.625,0.05029255896806717,681.0671997070312
0.04701429232954979,1115867.875,0.03381166234612465,386.51922607421875
0.04234984517097473,1201012.625,0.03129971772432327,483.7116394042969
0.03960597887635231,840402.6875,0.024812839925289154,314.8045654296875
0.04472499340772629,882546.125,0.02220737561583519,382.0417785644531
