loss,mape,val_loss,val_mape
0.12853167951107025,2753833.25,0.061974506825208664,780.59375
0.07423312962055206,2982981.75,0.06135616824030876,951.7064208984375
0.06889625638723373,2465681.0,0.044320859014987946,729.087158203125
0.06229384243488312,1763161.75,0.0335032194852829,583.8865356445312
0.05650315433740616,1809172.875,0.03037312999367714,326.98638916015625
0.04987087845802307,1970900.0,0.021332627162337303,361.73272705078125
