loss,mape,val_loss,val_mape
0.1064068153500557,666103.0625,0.05260370671749115,579.1532592773438
0.05147196725010872,1180759.75,0.05054883286356926,321.889892578125
0.05891881510615349,1194645.25,0.03932894021272659,403.0125427246094
0.049841027706861496,1056118.375,0.03515103831887245,325.54571533203125
0.0456087552011013,900309.9375,0.027418673038482666,385.2268981933594
0.029096564278006554,763387.4375,0.05971550568938255,570.6488037109375
