loss,mape,val_loss,val_mape
0.05206865072250366,808149.25,0.022382544353604317,134.34278869628906
0.021609017625451088,411053.9375,0.01784713938832283,50.83582305908203
0.01830073818564415,321098.125,0.013785782270133495,62.515052795410156
0.015518108382821083,264114.8125,0.010554325766861439,63.08182907104492
0.014269351027905941,251864.5625,0.009638571180403233,52.52602767944336
0.0118820546194911,228667.9375,0.008753208443522453,49.410701751708984
