loss,mape,val_loss,val_mape
0.05066852644085884,767594.3125,0.019339894875884056,115.4476547241211
0.021354224532842636,303920.75,0.015317431651055813,95.19722747802734
0.017716027796268463,300033.1875,0.013271619565784931,95.41463470458984
0.016659608110785484,302914.125,0.010632443241775036,77.65021514892578
0.013996684923768044,244149.75,0.01109317597001791,62.8020133972168
0.013149111531674862,282415.96875,0.007890519686043262,66.04398345947266
