loss,mape,val_loss,val_mape
0.05956752598285675,224655.84375,0.0312538668513298,159.2510986328125
0.021912498399615288,64228.52734375,0.024457473307847977,118.54362487792969
0.01728042960166931,86027.84375,0.021999763324856758,103.30070495605469
0.015437032096087933,55188.9609375,0.017580706626176834,108.3263931274414
0.013170316815376282,68541.09375,0.014727787114679813,92.70895385742188
0.010291150771081448,65352.390625,0.011176509782671928,59.40657043457031
