loss,mape,val_loss,val_mape
0.06242093816399574,225619.625,0.029774319380521774,193.2162628173828
0.025901280343532562,147992.203125,0.016021504998207092,82.32230377197266
0.018333077430725098,70329.7421875,0.014790251851081848,66.20246887207031
0.01612820103764534,55594.66015625,0.011948317289352417,83.99945068359375
0.013352058827877045,53092.99609375,0.009832855314016342,64.0206298828125
0.011903476901352406,49831.71484375,0.010637480765581131,77.66376495361328
