loss,mape,val_loss,val_mape
0.0500815324485302,253992.203125,0.021908724680542946,124.56639862060547
0.02059718407690525,97046.8515625,0.01561754196882248,81.09134674072266
0.016874834895133972,71730.5625,0.013207139447331429,73.46211242675781
0.015044434927403927,85052.3359375,0.012368190102279186,49.23614501953125
0.012928086332976818,47765.5859375,0.011068579740822315,48.31112289428711
0.01166205108165741,67771.0859375,0.01026932429522276,52.43268966674805
