loss,mape,val_loss,val_mape
0.05001218616962433,161293.890625,0.016520565375685692,82.31629180908203
0.02085266076028347,88712.7421875,0.013827073387801647,64.80342864990234
0.017279699444770813,70208.3125,0.013555746525526047,68.95765686035156
0.014616710133850574,89500.0078125,0.00967477634549141,43.84398651123047
0.013581265695393085,84042.4140625,0.00844710972160101,44.717124938964844
0.011450152844190598,65080.7734375,0.0099280821159482,42.39433288574219
