loss,mape,val_loss,val_mape
0.05514878034591675,438260.40625,0.022528985515236855,133.72088623046875
0.020095301792025566,142245.265625,0.013041310012340546,71.61669158935547
0.01353389210999012,109071.484375,0.012023002840578556,63.33660125732422
0.01318987738341093,136212.515625,0.012007099576294422,52.50495910644531
0.011527267284691334,121746.90625,0.011663722805678844,47.65517807006836
0.010244853794574738,93060.640625,0.008672375231981277,58.67109680175781
