loss,mape,val_loss,val_mape
0.051846399903297424,413843.9375,0.02671852894127369,224.31837463378906
0.017853932455182076,159561.8125,0.01602320186793804,118.96419525146484
0.01414307951927185,132734.5,0.01436283253133297,119.51620483398438
0.012225418351590633,107209.6015625,0.012271509505808353,122.98173522949219
0.010637527331709862,120455.9375,0.014562919735908508,98.55647277832031
0.010368619114160538,127777.578125,0.009660114534199238,94.79867553710938
