loss,mape,val_loss,val_mape
0.06826017796993256,3624549.25,0.054651353508234024,5839565.5
0.028564577922225,1686054.25,0.036350492388010025,2768345.25
0.02014812082052231,1065043.75,0.03145875409245491,2964453.5
0.01943219266831875,960728.25,0.028972527012228966,2460778.5
0.01620291732251644,936436.6875,0.02454686164855957,2217165.25
0.0158577598631382,862349.625,0.02095216140151024,2607325.5
