loss,mape,val_loss,val_mape
0.06536122411489487,3334740.25,0.03338363394141197,5529133.5
0.02618575468659401,1532000.125,0.023200757801532745,3050332.5
0.02001478709280491,992422.9375,0.01976507157087326,2875478.25
0.01905636675655842,1104216.125,0.01562038715928793,2099410.5
0.015747874975204468,942109.625,0.014245756901800632,2471513.25
0.014702877029776573,844238.0625,0.016468221321702003,2954082.0
