loss,mape,val_loss,val_mape
0.09199663996696472,52836380.0,0.04496890306472778,40960108.0
0.036447782069444656,22015200.0,0.023736927658319473,23944440.0
0.02803979068994522,15393832.0,0.0197871383279562,20246000.0
0.02529538981616497,14302087.0,0.02643943578004837,26744010.0
0.023777300491929054,14488239.0,0.014834116213023663,18379010.0
0.02010168507695198,13462447.0,0.012709477916359901,16456615.0
