loss,mape,val_loss,val_mape
0.08801150321960449,52013212.0,0.034232161939144135,23677592.0
0.03670210763812065,22430966.0,0.01807372085750103,8763228.0
0.029239175841212273,15096946.0,0.016524679958820343,9981725.0
0.026036737486720085,15184606.0,0.017494648694992065,10009118.0
0.023343991488218307,13716096.0,0.016161862760782242,10987478.0
0.0232535470277071,14100723.0,0.011939030140638351,7954557.0
