loss,mape,val_loss,val_mape
0.061772819608449936,614762.9375,0.025370150804519653,284.98419189453125
0.019214970991015434,298320.1875,0.01714794524013996,164.8643035888672
0.013844694010913372,183730.28125,0.019116835668683052,116.02054595947266
0.01423367764800787,205854.796875,0.01440755371004343,142.67210388183594
0.011957193724811077,166723.078125,0.014315075241029263,113.79228210449219
0.011045422405004501,164557.234375,0.012335756793618202,102.20529174804688
