loss,mape,val_loss,val_mape
0.06343235820531845,642449.875,0.029576558619737625,288.7652282714844
0.022463319823145866,274808.8125,0.015512722544372082,162.0383758544922
0.014923418872058392,183471.890625,0.01436186395585537,117.3356704711914
0.014974924735724926,177328.765625,0.012592580169439316,113.11341857910156
0.012193948961794376,167295.390625,0.013548489660024643,162.39906311035156
0.012970746494829655,150918.546875,0.009742309339344501,98.69180297851562
