loss,mape,val_loss,val_mape
0.05071952939033508,253678.203125,0.03978859633207321,155.30381774902344
0.03417090326547623,111582.9375,0.03626975789666176,125.24103546142578
0.030614452436566353,106348.4453125,0.03272709622979164,121.85478973388672
0.0294202771037817,96135.65625,0.02903095632791519,110.72747802734375
0.026325320824980736,124895.1796875,0.031439293175935745,133.73898315429688
0.024646565318107605,118799.7890625,0.021877359598875046,82.83428192138672
