loss,mape,val_loss,val_mape
0.0497608408331871,250538.84375,0.039121873676776886,181.30311584472656
0.033260829746723175,125024.28125,0.03207097575068474,144.47581481933594
0.03034394606947899,112629.2578125,0.028987320140004158,121.83207702636719
0.028066974133253098,115776.53125,0.02830430306494236,133.9387969970703
0.02538374252617359,105828.1328125,0.022429978474974632,101.35900115966797
0.022823352366685867,81942.8671875,0.019232505932450294,97.86273193359375
