loss,mape,val_loss,val_mape
0.06721220910549164,605250.5,0.049878839403390884,602.6340942382812
0.034356869757175446,471503.09375,0.03216029331088066,379.85577392578125
0.027626240625977516,315328.0,0.02671155147254467,240.29254150390625
0.02613404020667076,244001.171875,0.0245193038135767,282.4491882324219
0.02446291409432888,197099.953125,0.02244952693581581,239.1497344970703
0.022641677409410477,218030.65625,0.022404441609978676,140.2763671875
