loss,mape,val_loss,val_mape
0.06728703528642654,758511.0,0.0485859289765358,453.8307189941406
0.03707469254732132,289336.59375,0.023928675800561905,181.390625
0.02939227968454361,228234.125,0.02283428981900215,222.67855834960938
0.028163833543658257,247689.875,0.023055218160152435,230.30853271484375
0.026104778051376343,231628.609375,0.020264538004994392,203.4402313232422
0.026010597124695778,269520.46875,0.017799966037273407,169.2653350830078
