loss,mape,val_loss,val_mape
0.06841455399990082,421802.28125,0.03621845692396164,250.22633361816406
0.03571118041872978,288047.03125,0.02305549941956997,130.08370971679688
0.027595067396759987,189679.8125,0.022468671202659607,90.3427505493164
0.024063263088464737,194121.53125,0.018123740330338478,115.44181060791016
0.021924778819084167,116632.203125,0.019655246287584305,148.61026000976562
0.02323218807578087,152495.796875,0.017897533252835274,133.24267578125
