loss,mape,val_loss,val_mape
0.06920462846755981,460196.65625,0.04649205133318901,264.5113220214844
0.03578172251582146,240057.859375,0.03185547515749931,221.27761840820312
0.026506107300519943,205373.296875,0.038006700575351715,83.1697769165039
0.02409057691693306,148033.3125,0.024678096175193787,137.70748901367188
0.022460969164967537,131209.140625,0.0233121570199728,123.04338073730469
0.022216111421585083,130079.5078125,0.022327085956931114,142.92391967773438
