loss,mape,val_loss,val_mape
0.06271085143089294,711636.1875,0.03832082077860832,114.09993743896484
0.04127747565507889,431827.96875,0.031755611300468445,85.63993072509766
0.03636663779616356,306476.375,0.029223820194602013,76.57927703857422
0.033165644854307175,342627.28125,0.026624443009495735,63.093116760253906
0.029948456212878227,268775.25,0.02561752311885357,70.35879516601562
0.02714603580534458,278661.65625,0.01913123019039631,65.67388916015625
