loss,mape,val_loss,val_mape
0.061763063073158264,711008.1875,0.05047385022044182,245.1016387939453
0.0413864441215992,466611.25,0.03841738775372505,149.59268188476562
0.03652219846844673,337481.625,0.03577905520796776,141.24754333496094
0.034141167998313904,300409.0625,0.035112570971250534,155.41175842285156
0.031536731868982315,326247.125,0.029139772057533264,123.32669067382812
0.029637746512889862,317088.5,0.02542203478515148,116.39125061035156
