loss,mape,val_loss,val_mape
0.04952770844101906,251179.875,0.03601263090968132,90.44274139404297
0.027083421126008034,111491.2109375,0.01867007464170456,61.97866439819336
0.02219555899500847,93214.1953125,0.018043937161564827,61.7630729675293
0.021018551662564278,93235.859375,0.018285343423485756,67.1046142578125
0.02057098038494587,114422.71875,0.01756712794303894,47.16890335083008
0.018890229985117912,92118.078125,0.021339159458875656,75.22342681884766
