loss,mape,val_loss,val_mape
0.050750572234392166,235386.203125,0.03313222900032997,97.6316146850586
0.026927899569272995,149193.890625,0.02338901348412037,50.98015594482422
0.022341597825288773,94553.7890625,0.021504083648324013,55.788719177246094
0.020850496366620064,107907.7265625,0.021018043160438538,50.371788024902344
0.020226608961820602,77650.90625,0.020296616479754448,57.256385803222656
0.019370973110198975,109774.2734375,0.02739839069545269,38.736732482910156
