loss,mape,val_loss,val_mape
0.06400656700134277,1000858.375,0.03975989669561386,305.51190185546875
0.030742250382900238,407487.03125,0.02291264943778515,137.20004272460938
0.02216673642396927,339691.71875,0.02363102324306965,108.92672729492188
0.022356577217578888,316136.90625,0.023413321003317833,96.18594360351562
0.02068597637116909,249146.53125,0.026891568675637245,72.97603607177734
0.020866762846708298,246350.265625,0.0209136251360178,109.2224349975586
