loss,mape,val_loss,val_mape
0.061880338937044144,693978.875,0.03637576848268509,2433752.0
0.027238698676228523,303953.96875,0.021842114627361298,1244268.125
0.020844487473368645,212695.390625,0.02049200050532818,1311396.375
0.022441621869802475,272053.875,0.02110137790441513,832016.6875
0.020337877795100212,205227.953125,0.019111622124910355,1488391.0
0.019513892009854317,254151.4375,0.01950209029018879,1378568.125
