loss,mape,val_loss,val_mape
0.07958899438381195,5286775.5,0.03967072814702988,404.539794921875
0.04499155655503273,3063347.0,0.019881511107087135,284.75067138671875
0.03519970178604126,1990802.75,0.023404331877827644,303.04718017578125
0.031050512567162514,1622477.125,0.013153810054063797,174.2395782470703
0.030517693608999252,1617981.625,0.014145108871161938,218.84707641601562
0.0275042112916708,1463277.125,0.01210838370025158,157.19728088378906
