loss,mape,val_loss,val_mape
0.07899195700883865,4812255.5,0.053155697882175446,3478157.0
0.04236370325088501,2982260.75,0.0282841008156538,1534410.875
0.033573780208826065,1860330.0,0.028315015137195587,1539397.875
0.03083312138915062,1571507.125,0.02564646303653717,1317447.125
0.028484081849455833,1438921.125,0.026052385568618774,1353692.375
0.0268400926142931,1512882.5,0.024010173976421356,1368795.875
