loss,mape,val_loss,val_mape
0.06559570878744125,877669.8125,0.035641539841890335,316.4907531738281
0.03334052115678787,514634.0625,0.02519484981894493,172.4885711669922
0.02694094367325306,348805.9375,0.025909937918186188,123.19633483886719
0.02711578644812107,271151.03125,0.02389059029519558,129.7689666748047
0.02448251284658909,230409.578125,0.021824954077601433,148.52676391601562
0.023806801065802574,272766.84375,0.020993685349822044,197.21353149414062
