loss,mape,val_loss,val_mape
0.06680800765752792,961062.625,0.03940552473068237,305.25262451171875
0.03232049196958542,365947.90625,0.030180055648088455,147.52059936523438
0.02577267214655876,295506.71875,0.027318183332681656,143.47947692871094
0.024897057563066483,250407.296875,0.024375077337026596,156.73463439941406
0.024040980264544487,219431.046875,0.024795256555080414,121.16168212890625
0.022868458181619644,254391.546875,0.01943451166152954,137.68592834472656
