loss,mape,val_loss,val_mape
0.07874243706464767,4814287.5,0.03860606998205185,727.1231689453125
0.03504299744963646,2251830.75,0.02379278652369976,425.1137390136719
0.0259661003947258,1380866.875,0.019177738577127457,205.28298950195312
0.02573627233505249,1150419.5,0.017758425325155258,266.6697998046875
0.023904819041490555,1040919.3125,0.01764577627182007,152.94456481933594
0.021855905652046204,946052.375,0.017200682312250137,304.68499755859375
