loss,mape,val_loss,val_mape
0.07649239152669907,4412223.5,0.06191856414079666,2534646.75
0.034857530146837234,2253904.0,0.038477133959531784,1100948.25
0.02721956931054592,1157339.5,0.03382185101509094,1475912.125
0.025178847834467888,1072353.875,0.03200957179069519,1338627.125
0.024587104097008705,974063.5625,0.03305703029036522,838753.0
0.021706093102693558,1047414.125,0.028530219569802284,1014772.4375
