loss,mape,val_loss,val_mape
0.0669008120894432,736004.8125,0.035952866077423096,233.45968627929688
0.029604295268654823,280400.84375,0.02176232822239399,118.22423553466797
0.025843746960163116,169247.75,0.02384161949157715,199.6622314453125
0.02592598646879196,193325.171875,0.02237936295568943,194.64157104492188
0.02372758276760578,214103.0,0.019372059032320976,147.9056396484375
0.023399244993925095,151831.671875,0.020651955157518387,187.91148376464844
