loss,mape,val_loss,val_mape
0.06183703616261482,404285.0,0.04072420299053192,1697190.0
0.02680470235645771,166688.5,0.028138689696788788,1455525.875
0.024193299934267998,178020.0625,0.040725480765104294,734685.375
0.023252421990036964,95387.0546875,0.026259977370500565,1200297.125
0.022549200803041458,124667.8359375,0.029483484104275703,961133.25
0.020625505596399307,135709.609375,0.023024706169962883,1335985.625
