loss,mape,val_loss,val_mape
0.08940912038087845,257834.78125,0.058780260384082794,653.7073974609375
0.061853259801864624,1211081.625,0.054145388305187225,258.34625244140625
0.050514105707407,907656.9375,0.04445245862007141,286.8050842285156
0.046808164566755295,912548.0625,0.03531356528401375,299.0116271972656
0.04459768906235695,793586.6875,0.033868659287691116,249.85206604003906
0.03811229392886162,540894.5625,0.06360042840242386,126.56089782714844
