loss,mape,val_loss,val_mape
0.1453629434108734,519923.0625,0.07458054274320602,424.3293762207031
0.09032836556434631,956731.625,0.10293320566415787,190.9220733642578
0.07394961267709732,623385.125,0.06369604170322418,406.6811218261719
0.07220606505870819,637046.3125,0.05027113854885101,347.7843017578125
0.05462903901934624,395102.90625,0.034377340227365494,257.7196960449219
0.04683920741081238,530921.75,0.03790116682648659,271.9796447753906
