loss,mape,val_loss,val_mape
0.04666469991207123,252751.890625,0.02274620160460472,96.9893569946289
0.01843186281621456,88136.71875,0.020011236891150475,103.98553466796875
0.016123255714774132,59998.80078125,0.01701369695365429,100.23467254638672
0.013734627515077591,86876.265625,0.01390164066106081,82.72271728515625
0.012516599148511887,86212.0625,0.012148418463766575,57.18873596191406
0.010467926040291786,66476.609375,0.011005083099007607,79.76509094238281
