loss,mape,val_loss,val_mape
0.04926695302128792,252870.4375,0.020721111446619034,75.6364517211914
0.019855447113513947,85629.375,0.014012733474373817,73.84466552734375
0.01627194695174694,88518.7421875,0.011863107793033123,64.39781188964844
0.014021950773894787,71126.3515625,0.010638987645506859,58.59025955200195
0.012601705268025398,68381.328125,0.008605661801993847,57.8637809753418
0.010876772925257683,62797.55859375,0.007458591368049383,47.21611404418945
