loss,mape,val_loss,val_mape
0.06431713700294495,2709390.75,0.038306042551994324,5243553.5
0.026010911911725998,1326421.5,0.027480971068143845,1496951.75
0.019810514524579048,764082.4375,0.01744777150452137,1971750.625
0.016033411026000977,701258.125,0.016067635267972946,1692339.125
0.016327369958162308,762784.1875,0.016062015667557716,1945069.125
0.013634459115564823,682594.6875,0.013858262449502945,2049384.125
