loss,mape,val_loss,val_mape
0.061156436800956726,2969357.0,0.03511239215731621,219.17491149902344
0.02611294388771057,1649483.875,0.019947627559304237,123.85868072509766
0.017695296555757523,929619.125,0.01695980131626129,119.41413116455078
0.01667548529803753,684150.25,0.015508526936173439,112.89022064208984
0.015650581568479538,772736.1875,0.014559215866029263,122.78173065185547
0.013885010033845901,759790.125,0.01373477652668953,130.43980407714844
