loss,mape,val_loss,val_mape
0.0796283558011055,34888480.0,0.04154548421502113,33056292.0
0.03497658669948578,18367026.0,0.019015895202755928,16720973.0
0.020725728943943977,10074217.0,0.016349459066987038,9289413.0
0.020972363650798798,8669796.0,0.016070619225502014,10512222.0
0.01845165342092514,8327658.5,0.021883388981223106,14690718.0
0.017132611945271492,8059005.5,0.013789544813334942,9974532.0
