loss,mape,val_loss,val_mape
0.07731267809867859,35361012.0,0.04197171702980995,20453924.0
0.03236043453216553,18140938.0,0.020365115255117416,5941314.0
0.02148713916540146,9836202.0,0.017053283751010895,6930211.0
0.019371915608644485,8850314.0,0.015693582594394684,6069845.0
0.016974281519651413,8130412.5,0.01473211869597435,6556127.0
0.0157612357288599,8234334.5,0.02472219057381153,9137085.0
