loss,mape,val_loss,val_mape
0.03892176225781441,500661.9375,0.04730318859219551,209.8258819580078
0.026803288608789444,193694.6875,0.013873722404241562,127.80548858642578
0.0144308777526021,181865.640625,0.021601585671305656,137.67698669433594
0.014237378723919392,185623.140625,0.009790324606001377,93.88697052001953
0.013593580573797226,173635.328125,0.006902678404003382,79.44998931884766
0.011175976134836674,120122.46875,0.0069036660715937614,78.81633758544922
