loss,mape,val_loss,val_mape
0.05522209405899048,1051187.25,0.025578612461686134,212.45877075195312
0.022857362404465675,486976.53125,0.024730516597628593,157.3126983642578
0.021069444715976715,526591.375,0.025436976924538612,150.9652099609375
0.01837741956114769,425212.53125,0.020011601969599724,135.111083984375
0.014149533584713936,346249.46875,0.018630361184477806,123.03411102294922
0.015856120735406876,355851.84375,0.014122584834694862,111.19841003417969
