loss,mape,val_loss,val_mape
0.0573272779583931,219970.796875,0.02707076258957386,180.97845458984375
0.029896577820181847,138626.453125,0.013995436020195484,120.69208526611328
0.01978493295609951,86546.6953125,0.02467396855354309,87.01959991455078
0.015216262079775333,87919.2890625,0.010082995519042015,95.87419128417969
0.02011006511747837,81966.53125,0.0070084766484797,84.85337829589844
0.017204467207193375,59420.0390625,0.0065183392725884914,86.34371185302734
