loss,mape,val_loss,val_mape
0.07143884152173996,1878793.5,0.04043002799153328,640.9662475585938
0.036298010498285294,1030854.3125,0.02069075219333172,371.08612060546875
0.027168022468686104,607597.125,0.020374173298478127,183.737060546875
0.025645889341831207,528421.1875,0.017293520271778107,293.1903381347656
0.023905469104647636,481707.96875,0.015360192395746708,192.13673400878906
0.025018079206347466,515780.0625,0.014336047694087029,205.19256591796875
