loss,mape,val_loss,val_mape
0.0664614662528038,907416.125,0.03461981937289238,330.4627990722656
0.02957490086555481,374023.0,0.02802579663693905,235.99090576171875
0.026771556586027145,312808.28125,0.02797861397266388,155.57672119140625
0.02567109651863575,229950.015625,0.029521305114030838,211.069091796875
0.024285122752189636,250136.015625,0.022694597020745277,153.26641845703125
0.021004781126976013,211884.359375,0.020805533975362778,167.55650329589844
