loss,mape,val_loss,val_mape
0.1364857703447342,117044.0546875,0.05174962058663368,140.56556701660156
0.07629051804542542,100638.96875,0.056305572390556335,152.57748413085938
0.07269132137298584,295156.8125,0.046748820692300797,90.19795227050781
0.06572563201189041,229040.15625,0.04498767480254173,75.30440521240234
0.058721575886011124,116400.8515625,0.04519924148917198,60.13892364501953
0.04739011079072952,128465.03125,0.04271141439676285,49.67488098144531
