loss,mape,val_loss,val_mape
0.1422385275363922,3018289.25,0.04542120546102524,4559179.5
0.05247240513563156,1756711.375,0.041498199105262756,6370116.5
0.05388937145471573,1735416.125,0.037953972816467285,5824674.0
0.05112908035516739,1972351.875,0.037269897758960724,6236522.5
0.0439775288105011,1663922.375,0.041530806571245193,6728268.0
0.043952636420726776,1086104.375,0.026001732796430588,4933902.0
