loss,mape,val_loss,val_mape
0.09189412742853165,7432899.0,0.043097127228975296,11970764.0
0.053876642137765884,19100830.0,0.04606862738728523,8714329.0
0.04592055082321167,18788004.0,0.06230319291353226,4573448.5
0.04699636623263359,14229636.0,0.03534739837050438,12706991.0
0.04380250722169876,16860662.0,0.03429276496171951,7584704.0
0.03799154981970787,14925518.0,0.06447528302669525,2474958.75
