loss,mape,val_loss,val_mape
0.06010424718260765,206144.234375,0.03314397484064102,213.92416381835938
0.02959870547056198,83591.046875,0.0197101142257452,111.8349380493164
0.021770460531115532,73840.3671875,0.022153643891215324,118.60233306884766
0.019885268062353134,75845.1953125,0.020740138366818428,66.9188232421875
0.01954326219856739,66550.6015625,0.020108971744775772,60.942562103271484
0.018467525020241737,46947.453125,0.017030149698257446,68.43304443359375
