loss,mape,val_loss,val_mape
0.06221351772546768,208030.515625,0.0426376610994339,258.20391845703125
0.031201938167214394,161064.84375,0.01948230154812336,105.47805786132812
0.022060241550207138,44578.0546875,0.01848640851676464,97.80613708496094
0.020379936322569847,45749.859375,0.01783386617898941,95.3158187866211
0.020260782912373543,71872.34375,0.023009316995739937,148.04002380371094
0.01871696673333645,66889.6171875,0.018972521647810936,120.1737060546875
