loss,mape,val_loss,val_mape
0.17082467675209045,365395.34375,0.0793660506606102,302.6601257324219
0.0793951153755188,605036.5625,0.08232444524765015,211.07872009277344
0.09020576626062393,599856.0,0.0742369219660759,190.62168884277344
0.07047152519226074,549821.5,0.05800351873040199,166.87803649902344
0.057297006249427795,483721.125,0.03671703860163689,147.38229370117188
0.06016024574637413,126170.0546875,0.03480563312768936,112.96725463867188
