loss,mape,val_loss,val_mape
0.1330832690000534,352.1805114746094,0.05260029435157776,2628824.5
0.0556982085108757,264.14105224609375,0.051229894161224365,2522157.0
0.049545057117938995,270.2682189941406,0.04931621253490448,2489656.75
0.04468393325805664,259.0331115722656,0.04753165319561958,2883668.25
0.041828036308288574,258.7597961425781,0.05460352450609207,1399534.125
0.044241275638341904,216.1868438720703,0.03924604132771492,2135981.5
