loss,mape,val_loss,val_mape
0.13840894401073456,1646824.875,0.11271557956933975,452.6087951660156
0.08204275369644165,1545623.625,0.062046073377132416,283.274658203125
0.06492460519075394,1530279.875,0.06321351230144501,326.7544860839844
0.06850608438253403,1399152.625,0.08451062440872192,387.5069885253906
0.062264036387205124,1202228.375,0.06810343265533447,344.9891662597656
0.051326263695955276,1161606.125,0.03391424939036369,223.65745544433594
