loss,mape,val_loss,val_mape
0.1098794937133789,250012.015625,0.09225594997406006,119.40089416503906
0.053165316581726074,127367.7421875,0.04911579564213753,227.42539978027344
0.05496755987405777,44680.01953125,0.04570320248603821,231.5460205078125
0.0418756864964962,137823.484375,0.06335407495498657,105.0827407836914
0.05474486202001572,105915.4921875,0.030584953725337982,173.23394775390625
0.03922484070062637,88910.859375,0.03360043838620186,218.80230712890625
