loss,mape,val_loss,val_mape
0.0717531144618988,461028.03125,0.03573637083172798,129.84971618652344
0.031809478998184204,396839.21875,0.016737213358283043,93.9181137084961
0.022396208718419075,237656.21875,0.01011749915778637,81.49884796142578
0.017545532435178757,195132.859375,0.008643470704555511,78.5381851196289
0.014536412432789803,179020.0625,0.009773190133273602,71.81834411621094
0.014280914328992367,157990.8125,0.012102066539227962,74.62628936767578
