loss,mape,val_loss,val_mape
0.05238209664821625,599860.125,0.013233230449259281,1665853.75
0.029235797002911568,453793.5,0.01010207924991846,1300574.0
0.01675926148891449,361652.71875,0.010039407759904861,1153850.0
0.016589494422078133,352312.625,0.008054366335272789,955365.875
0.01588854193687439,281182.59375,0.013768460601568222,1047491.8125
0.014284084551036358,231999.203125,0.0078033520840108395,881140.75
