loss,mape,val_loss,val_mape
0.07526911050081253,259626.5625,0.0459478385746479,151.84652709960938
0.0348627045750618,92945.703125,0.018723338842391968,115.60491943359375
0.024450289085507393,75783.9453125,0.01876223273575306,93.28833770751953
0.02119441144168377,108603.8671875,0.014560374431312084,90.294189453125
0.014564917422831059,97810.0234375,0.02084866352379322,75.2239990234375
0.015053074806928635,76880.9296875,0.013138479553163052,71.17759704589844
