loss,mape,val_loss,val_mape
0.06786447763442993,480374.625,0.024378882721066475,181.73561096191406
0.02857772819697857,336040.84375,0.017809437587857246,133.0052032470703
0.01977439410984516,231360.59375,0.026378436014056206,107.31369018554688
0.016630858182907104,186887.265625,0.023437369614839554,84.58861541748047
0.020098993554711342,223664.96875,0.010757168754935265,96.7319564819336
0.015144094824790955,166795.203125,0.009956086054444313,98.17293548583984
