loss,mape,val_loss,val_mape
0.0718252956867218,1160631.5,0.03940704092383385,334.5242004394531
0.03943974897265434,569634.6875,0.031183818355202675,208.0876922607422
0.03476338088512421,358636.84375,0.031629402190446854,292.7652893066406
0.03186877444386482,440134.46875,0.025880442932248116,154.53021240234375
0.02709418162703514,334983.96875,0.025788133963942528,274.4620361328125
0.02360992692410946,407330.46875,0.015341241843998432,172.01901245117188
