loss,mape,val_loss,val_mape
0.06769386678934097,1022356.5625,0.05059116706252098,164.5287322998047
0.03728463500738144,382089.3125,0.04446151852607727,147.12396240234375
0.033863093703985214,367122.71875,0.04286479949951172,132.75582885742188
0.03040919452905655,393220.375,0.03638916835188866,147.97462463378906
0.02562752738595009,385097.125,0.03343314677476883,73.61764526367188
0.023706376552581787,294586.28125,0.025274965912103653,90.07537078857422
