loss,mape,val_loss,val_mape
0.07172222435474396,1210910.625,0.028229935094714165,183.9902801513672
0.04114571586251259,483621.21875,0.02290852926671505,122.25749206542969
0.03591250628232956,417871.53125,0.024652259424328804,176.91659545898438
0.03310343250632286,406637.8125,0.017584389075636864,115.96281433105469
0.02951224520802498,399528.6875,0.015148764476180077,112.7010726928711
0.025983579456806183,350214.9375,0.01333911158144474,126.58235168457031
