loss,mape,val_loss,val_mape
0.07205774635076523,912122.125,0.03029591590166092,238.44078063964844
0.030124211683869362,541152.75,0.028569770976901054,202.0692901611328
0.026158753782510757,477477.25,0.017107317224144936,88.52196502685547
0.022560935467481613,325277.1875,0.01577679254114628,110.52056884765625
0.018112467601895332,374936.5625,0.025614717975258827,195.521240234375
0.016344668343663216,265122.8125,0.02245313860476017,140.14459228515625
