loss,mape,val_loss,val_mape
0.06965385377407074,883824.25,0.04013015702366829,1988179.125
0.03828025981783867,318339.84375,0.03482480347156525,1852339.0
0.033898334950208664,339375.96875,0.03031620942056179,1395013.25
0.030596790835261345,262305.96875,0.0239737369120121,1238287.25
0.02579319477081299,283861.46875,0.020572902634739876,1739781.5
0.019903264939785004,342716.40625,0.013138302601873875,866433.8125
