loss,mape,val_loss,val_mape
0.07337623089551926,1070811.25,0.04250163957476616,196.35552978515625
0.03987015038728714,564154.3125,0.03443141281604767,147.8263702392578
0.034801073372364044,429203.34375,0.03121221624314785,144.30064392089844
0.031113721430301666,367222.96875,0.028278661891818047,120.4091567993164
0.029162101447582245,412579.84375,0.02529134415090084,79.97367095947266
0.02361169084906578,351663.0625,0.018902022391557693,103.11878204345703
