loss,mape,val_loss,val_mape
0.07398540526628494,466607.5625,0.03733910247683525,349.84039306640625
0.039614010602235794,291822.0,0.022811783477663994,238.89161682128906
0.031137434765696526,203390.6875,0.021497266367077827,210.484130859375
0.029996799305081367,240432.03125,0.020859288051724434,197.75100708007812
0.028555499389767647,223267.453125,0.018650338053703308,154.7392578125
0.025653067976236343,221120.953125,0.02473987638950348,87.8077392578125
