loss,mape,val_loss,val_mape
0.07257186621427536,431805.96875,0.04418517276644707,425.7124938964844
0.03871143236756325,256196.03125,0.03268058970570564,249.47776794433594
0.03064517304301262,271550.90625,0.03116503730416298,230.97824096679688
0.02779141068458557,243621.28125,0.03352797031402588,156.65528869628906
0.027162790298461914,246757.703125,0.030889097601175308,155.11285400390625
0.025848200544714928,265152.40625,0.030870657414197922,137.84976196289062
