loss,mape,val_loss,val_mape
0.06976568698883057,360268.09375,0.04516766220331192,685.0429077148438
0.03739699721336365,321018.3125,0.030902529135346413,364.59326171875
0.028758004307746887,239447.46875,0.035042405128479004,195.67303466796875
0.028439586982131004,150918.578125,0.033037200570106506,453.10284423828125
0.026264237239956856,214967.015625,0.029084954410791397,240.05345153808594
0.026787612587213516,258580.703125,0.029184969142079353,178.45989990234375
