loss,mape,val_loss,val_mape
0.07214128226041794,211898.265625,0.03500286489725113,484.86065673828125
0.03631782531738281,91193.3125,0.033778950572013855,233.67156982421875
0.032499950379133224,76767.125,0.028546687215566635,330.27587890625
0.030473342165350914,36402.73828125,0.028241820633411407,270.6161193847656
0.026770180091261864,65011.42578125,0.02350267767906189,272.6058044433594
0.02504284866154194,64647.59765625,0.021352285519242287,295.1051025390625
