loss,mape,val_loss,val_mape
0.06746923923492432,263654.90625,0.04335109144449234,225.27584838867188
0.03603930026292801,96361.8671875,0.03599349409341812,110.62016296386719
0.03234199434518814,47837.52734375,0.03047717921435833,143.23350524902344
0.028471102938055992,68653.984375,0.028025329113006592,166.51463317871094
0.02727932669222355,79352.171875,0.022354718297719955,126.822021484375
0.020633084699511528,59611.0703125,0.024702008813619614,142.02645874023438
