loss,mape,val_loss,val_mape
0.06931673735380173,263217.34375,0.03506183251738548,369.14788818359375
0.036899544298648834,81035.15625,0.033244539052248,175.278076171875
0.03405936434864998,81134.4765625,0.028651438653469086,211.02468872070312
0.0306440107524395,80688.109375,0.026613391935825348,156.48403930664062
0.028492173179984093,52069.1171875,0.02365962415933609,174.5450897216797
0.026563510298728943,56228.5546875,0.020380131900310516,212.33311462402344
