loss,mape,val_loss,val_mape
0.0818149670958519,815175.6875,0.048981186002492905,788.1192626953125
0.035913124680519104,509761.28125,0.029199041426181793,460.83148193359375
0.027220936492085457,363037.59375,0.030130071565508842,207.70957946777344
0.025031963363289833,273930.0625,0.026374628767371178,255.10281372070312
0.02258339524269104,300898.4375,0.023726198822259903,258.8854064941406
0.022590365260839462,310962.78125,0.02231181226670742,227.1837615966797
