loss,mape,val_loss,val_mape
0.07662160694599152,889636.3125,0.051662854850292206,523.3182373046875
0.035516731441020966,524622.625,0.03199165686964989,227.64646911621094
0.025501597672700882,364924.9375,0.03137916326522827,332.18585205078125
0.024944715201854706,340003.03125,0.026670854538679123,215.30419921875
0.02362459897994995,347091.90625,0.026671353727579117,134.0226593017578
0.021427368745207787,268917.3125,0.02275720238685608,224.72837829589844
