loss,mape,val_loss,val_mape
0.05839373543858528,260973.4375,0.023574616760015488,187.3093719482422
0.028465691953897476,127415.0703125,0.013393714092671871,129.69142150878906
0.021943645551800728,66577.7890625,0.018554838374257088,96.25382232666016
0.018063848838210106,82315.8046875,0.007986169308423996,92.13838195800781
0.015939075499773026,133612.5625,0.009484483860433102,80.20381927490234
0.01394643820822239,49037.79296875,0.010753347538411617,76.80797576904297
