loss,mape,val_loss,val_mape
0.07455212622880936,2413325.75,0.05065840110182762,602.5836791992188
0.03765742480754852,1374566.75,0.02667352557182312,395.1759338378906
0.025395795702934265,915857.75,0.021434234455227852,270.03369140625
0.020944466814398766,667334.875,0.01827060990035534,272.948974609375
0.02050301805138588,718781.1875,0.01778419502079487,310.0513000488281
0.0173550546169281,752365.625,0.017476247623562813,318.5578308105469
