loss,mape,val_loss,val_mape
0.07641230523586273,2171005.0,0.05612289160490036,2672635.25
0.033133238554000854,1077256.875,0.03320007026195526,1585146.5
0.02217293716967106,713335.1875,0.028540361672639847,1282440.25
0.020307084545493126,646194.625,0.0251405518501997,1392114.75
0.017653949558734894,591829.0625,0.02052506059408188,1107218.0
0.014562630094587803,611833.875,0.02400599792599678,737585.8125
