loss,mape,val_loss,val_mape
0.07488173246383667,4072107.5,0.02893427014350891,1841436.875
0.025689754635095596,1291833.5,0.022799644619226456,1156088.125
0.021958261728286743,1233772.875,0.01963931880891323,1301572.375
0.01981908641755581,1114949.25,0.016324041411280632,857081.75
0.01741364784538746,1019223.5625,0.014475300908088684,1226427.125
0.014823349192738533,1044688.375,0.012136789970099926,853475.25
