loss,mape,val_loss,val_mape
0.07504388689994812,3996018.0,0.030310560017824173,2151651.5
0.027196552604436874,1493209.0,0.02120833843946457,1006087.5
0.022037852555513382,1142532.625,0.019838109612464905,1186097.0
0.020546192303299904,1172145.625,0.01604127697646618,1057271.0
0.016735631972551346,1037842.6875,0.016341108828783035,872665.1875
0.014407164417207241,960106.0,0.012408550828695297,921058.4375
