loss,mape,val_loss,val_mape
0.0654972717165947,2330274.25,0.02565854601562023,1910145.75
0.020938897505402565,1019709.1875,0.02118736132979393,1155426.5
0.018283722922205925,802851.1875,0.01839156448841095,1113811.0
0.01732904650270939,806300.8125,0.016962775960564613,972900.4375
0.015227693133056164,828334.6875,0.013688642531633377,965877.25
0.013278021477162838,785329.6875,0.013284598477184772,1054463.75
