loss,mape,val_loss,val_mape
0.06452488899230957,2312793.75,0.01958490163087845,114.03746795654297
0.02138666994869709,1023425.375,0.016158947721123695,80.2017822265625
0.01823749579489231,911882.3125,0.014639257453382015,72.15480041503906
0.017227431759238243,934228.5,0.013910679146647453,85.49198150634766
0.015361914411187172,823147.1875,0.012147963978350163,72.00578308105469
0.013941715471446514,876165.6875,0.010665741749107838,56.757240295410156
