loss,mape,val_loss,val_mape
0.1362905353307724,616572.0625,0.06973674148321152,492.8221740722656
0.076100192964077,1310196.125,0.07167226821184158,517.2928466796875
0.06507864594459534,1044141.9375,0.06514572352170944,490.3359375
0.060208510607481,615051.5625,0.0519462451338768,423.8447570800781
0.05629335343837738,771151.1875,0.0400485135614872,353.2381591796875
0.047860193997621536,480558.84375,0.028153881430625916,264.40484619140625
