loss,mape,val_loss,val_mape
0.11462599039077759,15056.8603515625,0.054546307772397995,273.6502380371094
0.06621891260147095,176936.484375,0.04615774378180504,386.22412109375
0.0607723668217659,220148.671875,0.042311009019613266,335.08636474609375
0.05226423963904381,380988.9375,0.03823716938495636,328.00018310546875
0.050474654883146286,179493.09375,0.035267509520053864,328.3163757324219
0.04380526766180992,152944.84375,0.031270090490579605,304.7303771972656
