loss,mape,val_loss,val_mape
0.15336744487285614,169118.3125,0.06656800210475922,407.8359375
0.08572367578744888,197296.15625,0.06773467361927032,310.7203063964844
0.07304219901561737,243034.265625,0.05487724021077156,374.31304931640625
0.07252395898103714,274812.78125,0.05114628002047539,381.46124267578125
0.062337636947631836,138741.59375,0.04442870244383812,352.0778503417969
0.05296318233013153,173733.25,0.035739965736866,298.08660888671875
