loss,mape,val_loss,val_mape
0.108370341360569,25270.87109375,0.09684710949659348,108.3862075805664
0.05706434324383736,316609.40625,0.056427422910928726,216.66830444335938
0.05213001370429993,125708.109375,0.039364296942949295,332.933837890625
0.05188044160604477,244091.578125,0.038980524986982346,407.9552917480469
0.04422831907868385,262444.46875,0.038060396909713745,413.3005065917969
0.043853774666786194,460291.25,0.02592185139656067,264.26971435546875
