loss,mape,val_loss,val_mape
0.05792136862874031,977288.625,0.03440925478935242,192.9650115966797
0.03192892298102379,413360.4375,0.02986561506986618,126.91853332519531
0.02756475657224655,329268.6875,0.028843650594353676,163.51504516601562
0.025576744228601456,380799.84375,0.025392860174179077,144.1238555908203
0.023611756041646004,351499.75,0.021207360550761223,121.61553192138672
0.020145341753959656,326299.71875,0.019553670659661293,98.8216781616211
