loss,mape,val_loss,val_mape
0.060500696301460266,1021943.6875,0.03723029047250748,208.04202270507812
0.03335601091384888,457308.125,0.031559575349092484,173.28231811523438
0.030632592737674713,407796.1875,0.03053048998117447,175.4726104736328
0.027832861989736557,365260.3125,0.02768503502011299,130.93614196777344
0.0251837857067585,315216.90625,0.024712033569812775,186.07530212402344
0.021633775904774666,348307.625,0.023531727492809296,117.52883911132812
