loss,mape,val_loss,val_mape
0.06827205419540405,483253.125,0.044370949268341064,364.78863525390625
0.036983102560043335,299581.5,0.024255141615867615,170.27069091796875
0.028007345274090767,187283.5625,0.022571491077542305,136.4132080078125
0.026149138808250427,159740.734375,0.02355300635099411,199.8777313232422
0.02519439347088337,152205.109375,0.019968684762716293,170.64126586914062
0.02285393886268139,168531.203125,0.019717296585440636,164.41407775878906
