loss,mape,val_loss,val_mape
0.06597543507814407,495265.9375,0.043678924441337585,343.5302429199219
0.03652745485305786,261240.28125,0.027222324162721634,245.90316772460938
0.03038174845278263,188158.3125,0.024796299636363983,216.824462890625
0.027498936280608177,168939.5625,0.02291671372950077,160.6849822998047
0.025499552488327026,182925.625,0.019643792882561684,155.30520629882812
0.02527458593249321,171980.015625,0.018475864082574844,135.46182250976562
