loss,mape,val_loss,val_mape
0.06044605374336243,427075.8125,0.03550373390316963,153.0579071044922
0.035377856343984604,171132.703125,0.030367881059646606,178.321044921875
0.031034519895911217,177326.578125,0.026579787954688072,105.38284301757812
0.029581082984805107,166851.0625,0.03272644057869911,187.7639617919922
0.0271344892680645,157146.4375,0.02227172441780567,83.08174896240234
0.024395763874053955,154810.25,0.01993180252611637,89.7041244506836
