loss,mape,val_loss,val_mape
0.06322736293077469,486013.4375,0.039286140352487564,207.9368438720703
0.03371991217136383,136703.96875,0.03054848499596119,148.0823516845703
0.030122004449367523,187497.953125,0.027277344837784767,138.97885131835938
0.02632131241261959,149664.734375,0.02394324727356434,138.98178100585938
0.024145295843482018,178965.0625,0.021958928555250168,140.65199279785156
0.021208789199590683,96701.359375,0.01927403174340725,82.55445861816406
