loss,mape,val_loss,val_mape
0.0641348734498024,257609.78125,0.03602181002497673,165.2777099609375
0.031589481979608536,124497.765625,0.02068297006189823,97.99658966064453
0.02426118776202202,54292.25,0.021407045423984528,74.56187438964844
0.023081038147211075,77297.5390625,0.018620779737830162,69.5785140991211
0.022014014422893524,89767.9140625,0.01672958955168724,62.63093185424805
0.020788826048374176,85251.28125,0.016799647361040115,101.3364486694336
