loss,mape,val_loss,val_mape
0.06611640751361847,263512.4375,0.03880148380994797,166.24990844726562
0.03207886219024658,64725.265625,0.026511551812291145,90.47732543945312
0.026542119681835175,89506.8203125,0.020916294306516647,95.60474395751953
0.023242268711328506,61065.62109375,0.026824794709682465,67.00458526611328
0.023377440869808197,40181.51953125,0.01890430971980095,108.06390380859375
0.02274486795067787,67531.75,0.01848316751420498,114.8125228881836
