loss,mape,val_loss,val_mape
0.08080265671014786,7018138.0,0.06034310162067413,2274206.25
0.03417206555604935,3254967.5,0.03684379905462265,1227429.75
0.023895226418972015,2111084.25,0.032314978539943695,1060844.875
0.022214703261852264,1930639.375,0.02709389477968216,1296534.125
0.018740041181445122,2015898.125,0.025401216000318527,1346665.5
0.01570802368223667,1855511.625,0.02043578401207924,1066633.25
