loss,mape,val_loss,val_mape
0.07852049916982651,6432730.5,0.0462447926402092,6033292.0
0.03215355426073074,3299194.0,0.018510814756155014,2850932.25
0.023097367957234383,1957215.375,0.020867932587862015,3313165.5
0.020676933228969574,2055536.875,0.011222557164728642,2017584.625
0.01629008911550045,1879729.0,0.012060388922691345,1475396.375
0.01601543463766575,1786601.375,0.009328366257250309,1898944.625
