loss,mape,val_loss,val_mape
0.059675153344869614,244811.03125,0.022749725729227066,174.81573486328125
0.02480185218155384,107731.5546875,0.01807142049074173,130.50189208984375
0.019757410511374474,80793.234375,0.014254087582230568,111.88416290283203
0.016711119562387466,100701.1328125,0.013298895210027695,134.6083221435547
0.014692520722746849,47373.03125,0.008540616370737553,98.77704620361328
0.011228115297853947,54718.359375,0.014196401461958885,145.9393310546875
