loss,mape,val_loss,val_mape
0.054489314556121826,164331.90625,0.023970426991581917,101.65082550048828
0.022908514365553856,79256.9453125,0.017216870561242104,122.88809967041016
0.017675694078207016,73174.0625,0.013053514063358307,120.63240814208984
0.016002215445041656,69790.9921875,0.011920801363885403,119.25447845458984
0.011615820229053497,69747.140625,0.008839001879096031,100.75111389160156
0.01098416093736887,57333.29296875,0.006605470087379217,80.35566711425781
