loss,mape,val_loss,val_mape
0.05789531022310257,460140.46875,0.04325427487492561,302.35028076171875
0.02650979347527027,142253.46875,0.022819679230451584,141.34730529785156
0.020315315574407578,150461.328125,0.02132292091846466,116.37281799316406
0.017016716301441193,123366.03125,0.016119224950671196,144.42030334472656
0.01496217306703329,129132.265625,0.014290381222963333,145.28944396972656
0.01449709665030241,112997.65625,0.011537204496562481,125.62061309814453
