loss,mape,val_loss,val_mape
0.058964475989341736,510443.40625,0.03705867379903793,230.23806762695312
0.030821358785033226,247692.53125,0.021336333826184273,159.2176971435547
0.020310675725340843,162064.953125,0.018184561282396317,121.27113342285156
0.017791694030165672,127177.9140625,0.017362158745527267,91.98859405517578
0.017654700204730034,132963.96875,0.017135724425315857,132.23416137695312
0.014396551996469498,142956.421875,0.012902251444756985,88.49728393554688
