loss,mape,val_loss,val_mape
0.062025945633649826,1207441.375,0.029665259644389153,1187048.75
0.023825354874134064,439475.96875,0.020004697144031525,961988.25
0.019197184592485428,347655.90625,0.019915340468287468,1331572.625
0.017406299710273743,364551.59375,0.01328274980187416,1133201.625
0.014296543784439564,351253.09375,0.010833573527634144,895986.4375
0.012695440091192722,379419.75,0.010650207288563251,952542.1875
