loss,mape,val_loss,val_mape
0.06908272951841354,1399584.25,0.028576746582984924,490.6554870605469
0.024628372862935066,597485.0625,0.019106147810816765,252.84669494628906
0.020147358998656273,443029.3125,0.016381053254008293,248.51492309570312
0.017202552407979965,396802.21875,0.013477060943841934,239.635498046875
0.014475292526185513,432685.59375,0.014323665760457516,185.92672729492188
0.012806002050638199,372865.9375,0.009906376712024212,206.7443389892578
