loss,mape,val_loss,val_mape
0.05153197422623634,180194.078125,0.019423196092247963,110.04393768310547
0.020254822447896004,56349.34375,0.012420684099197388,68.0969467163086
0.015587066300213337,66629.09375,0.011580625548958778,67.52001190185547
0.014255734160542488,42717.51171875,0.011356343515217304,74.51709747314453
0.01269438024610281,77538.9453125,0.008394330739974976,54.87384033203125
0.010986588895320892,43358.70703125,0.0074583999812603,51.238853454589844
