loss,mape,val_loss,val_mape
0.049331001937389374,212465.703125,0.025569969788193703,66.03145599365234
0.021078934893012047,79738.4609375,0.01950823701918125,49.93489456176758
0.016732819378376007,58488.7890625,0.014686217531561852,53.217308044433594
0.0150358397513628,56498.64453125,0.016044486314058304,44.34803009033203
0.013009503483772278,71316.2421875,0.010884241200983524,46.50714874267578
0.010969930328428745,54371.4765625,0.015246227383613586,35.959896087646484
